case,variant,workers,callers,grain,rows,inner,columns,batches,nested,padded,pool_spin_us,sample,iterations,elapsed_ns,ns_per_call,cpu_mhz,median,mean,stddev,ci95_mean_low,ci95_mean_high,throughput_calls_s
batch_one_row,serial,4,1,16,1,64,64,128,0,0,0,0,16,33934200,2120887.5,2875.0799999999999,2138737.5,2137920.8333333335,43381.694480686492,2097720.4631145638,2178121.2035521031,467.56556145857076
batch_one_row,serial,4,1,16,1,64,64,128,0,0,0,1,16,34408400,2150525,2838.2200000000003,2138737.5,2137920.8333333335,43381.694480686492,2097720.4631145638,2178121.2035521031,467.56556145857076
batch_one_row,serial,4,1,16,1,64,64,128,0,0,0,2,16,33812200,2113262.5,2911.9400000000001,2138737.5,2137920.8333333335,43381.694480686492,2097720.4631145638,2178121.2035521031,467.56556145857076
batch_one_row,serial,4,1,16,1,64,64,128,0,0,0,3,16,34488300,2155518.75,2690.7799999999997,2138737.5,2137920.8333333335,43381.694480686492,2097720.4631145638,2178121.2035521031,467.56556145857076
batch_one_row,serial,4,1,16,1,64,64,128,0,0,0,4,16,34061400,2128837.5,2690.7799999999997,2138737.5,2137920.8333333335,43381.694480686492,2097720.4631145638,2178121.2035521031,467.56556145857076
batch_one_row,serial,4,1,16,1,64,64,128,0,0,0,5,16,32989300,2061831.25,2690.7799999999997,2138737.5,2137920.8333333335,43381.694480686492,2097720.4631145638,2178121.2035521031,467.56556145857076
batch_one_row,serial,4,1,16,1,64,64,128,0,0,0,6,16,34331200,2145700,2764.5,2138737.5,2137920.8333333335,43381.694480686492,2097720.4631145638,2178121.2035521031,467.56556145857076
batch_one_row,serial,4,1,16,1,64,64,128,0,0,0,7,16,34219800,2138737.5,2985.6600000000003,2138737.5,2137920.8333333335,43381.694480686492,2097720.4631145638,2178121.2035521031,467.56556145857076
batch_one_row,serial,4,1,16,1,64,64,128,0,0,0,8,16,35615800,2225987.5,2875.0799999999999,2138737.5,2137920.8333333335,43381.694480686492,2097720.4631145638,2178121.2035521031,467.56556145857076
batch_one_row,context_default,4,1,16,1,64,64,128,0,0,0,0,16,32702400,2043900,2875.0799999999999,2163087.5,2159600,72578.689919760538,2092343.7473410219,2226856.2526589781,462.30214912711574
batch_one_row,context_default,4,1,16,1,64,64,128,0,0,0,1,16,34315800,2144737.5,2838.2200000000003,2163087.5,2159600,72578.689919760538,2092343.7473410219,2226856.2526589781,462.30214912711574
batch_one_row,context_default,4,1,16,1,64,64,128,0,0,0,2,16,36458200,2278637.5,2764.5,2163087.5,2159600,72578.689919760538,2092343.7473410219,2226856.2526589781,462.30214912711574
batch_one_row,context_default,4,1,16,1,64,64,128,0,0,0,3,16,34144100,2134006.25,2801.3600000000001,2163087.5,2159600,72578.689919760538,2092343.7473410219,2226856.2526589781,462.30214912711574
batch_one_row,context_default,4,1,16,1,64,64,128,0,0,0,4,16,34609400,2163087.5,2727.6399999999999,2163087.5,2159600,72578.689919760538,2092343.7473410219,2226856.2526589781,462.30214912711574
batch_one_row,context_default,4,1,16,1,64,64,128,0,0,0,5,16,35600100,2225006.25,2875.0799999999999,2163087.5,2159600,72578.689919760538,2092343.7473410219,2226856.2526589781,462.30214912711574
batch_one_row,context_default,4,1,16,1,64,64,128,0,0,0,6,16,33152600,2072037.5,2985.6600000000003,2163087.5,2159600,72578.689919760538,2092343.7473410219,2226856.2526589781,462.30214912711574
batch_one_row,context_default,4,1,16,1,64,64,128,0,0,0,7,16,34841700,2177606.25,2948.8000000000002,2163087.5,2159600,72578.689919760538,2092343.7473410219,2226856.2526589781,462.30214912711574
batch_one_row,context_default,4,1,16,1,64,64,128,0,0,0,8,16,35158100,2197381.25,2727.6399999999999,2163087.5,2159600,72578.689919760538,2092343.7473410219,2226856.2526589781,462.30214912711574
batch_one_row,context_forced,4,1,16,1,64,64,128,0,0,0,0,64,37682300,588785.9375,2764.5,605160.9375,602003.9930555555,9305.4313669094427,593380.95998888614,610627.02612222487,1652.4529890034416
batch_one_row,context_forced,4,1,16,1,64,64,128,0,0,0,1,64,39047100,610110.9375,2727.6399999999999,605160.9375,602003.9930555555,9305.4313669094427,593380.95998888614,610627.02612222487,1652.4529890034416
batch_one_row,context_forced,4,1,16,1,64,64,128,0,0,0,2,64,38725300,605082.8125,2543.3399999999997,605160.9375,602003.9930555555,9305.4313669094427,593380.95998888614,610627.02612222487,1652.4529890034416
batch_one_row,context_forced,4,1,16,1,64,64,128,0,0,0,3,64,38730600,605165.625,2580.1999999999998,605160.9375,602003.9930555555,9305.4313669094427,593380.95998888614,610627.02612222487,1652.4529890034416
batch_one_row,context_forced,4,1,16,1,64,64,128,0,0,0,4,64,39228200,612940.625,2727.6399999999999,605160.9375,602003.9930555555,9305.4313669094427,593380.95998888614,610627.02612222487,1652.4529890034416
batch_one_row,context_forced,4,1,16,1,64,64,128,0,0,0,5,64,38730300,605160.9375,2727.6399999999999,605160.9375,602003.9930555555,9305.4313669094427,593380.95998888614,610627.02612222487,1652.4529890034416
batch_one_row,context_forced,4,1,16,1,64,64,128,0,0,0,6,64,38973300,608957.8125,3243.6799999999998,605160.9375,602003.9930555555,9305.4313669094427,593380.95998888614,610627.02612222487,1652.4529890034416
batch_one_row,context_forced,4,1,16,1,64,64,128,0,0,0,7,64,37954200,593034.375,2838.2200000000003,605160.9375,602003.9930555555,9305.4313669094427,593380.95998888614,610627.02612222487,1652.4529890034416
batch_one_row,context_forced,4,1,16,1,64,64,128,0,0,0,8,64,37683000,588796.875,2727.6399999999999,605160.9375,602003.9930555555,9305.4313669094427,593380.95998888614,610627.02612222487,1652.4529890034416
near_cutoff48,serial,4,1,16,48,48,48,1,0,0,0,0,2048,26657100,13016.162109375,2690.7799999999997,13005.46875,13021.202256944445,164.67376510156834,12868.604567950326,13173.799945938565,76890.731062653926
near_cutoff48,serial,4,1,16,48,48,48,1,0,0,0,1,2048,26621800,12998.92578125,2764.5,13005.46875,13021.202256944445,164.67376510156834,12868.604567950326,13173.799945938565,76890.731062653926
near_cutoff48,serial,4,1,16,48,48,48,1,0,0,0,2,2048,26635200,13005.46875,2801.3600000000001,13005.46875,13021.202256944445,164.67376510156834,12868.604567950326,13173.799945938565,76890.731062653926
near_cutoff48,serial,4,1,16,48,48,48,1,0,0,0,3,2048,26439500,12909.912109375,2727.6399999999999,13005.46875,13021.202256944445,164.67376510156834,12868.604567950326,13173.799945938565,76890.731062653926
near_cutoff48,serial,4,1,16,48,48,48,1,0,0,0,4,2048,26636600,13006.15234375,2653.9200000000001,13005.46875,13021.202256944445,164.67376510156834,12868.604567950326,13173.799945938565,76890.731062653926
near_cutoff48,serial,4,1,16,48,48,48,1,0,0,0,5,2048,26743500,13058.349609375,2801.3600000000001,13005.46875,13021.202256944445,164.67376510156834,12868.604567950326,13173.799945938565,76890.731062653926
near_cutoff48,serial,4,1,16,48,48,48,1,0,0,0,6,2048,26301200,12842.3828125,2727.6399999999999,13005.46875,13021.202256944445,164.67376510156834,12868.604567950326,13173.799945938565,76890.731062653926
near_cutoff48,serial,4,1,16,48,48,48,1,0,0,0,7,2048,26480500,12929.931640625,2875.0799999999999,13005.46875,13021.202256944445,164.67376510156834,12868.604567950326,13173.799945938565,76890.731062653926
near_cutoff48,serial,4,1,16,48,48,48,1,0,0,0,8,2048,27491400,13423.53515625,2838.2200000000003,13005.46875,13021.202256944445,164.67376510156834,12868.604567950326,13173.799945938565,76890.731062653926
near_cutoff48,context_default,4,1,16,48,48,48,1,0,0,0,0,2048,27623900,13488.232421875,2653.9200000000001,12945.01953125,13134.787326388889,341.19741054779405,12818.611059281266,13450.963593496512,77249.78688413286
near_cutoff48,context_default,4,1,16,48,48,48,1,0,0,0,1,2048,26342700,12862.646484375,2764.5,12945.01953125,13134.787326388889,341.19741054779405,12818.611059281266,13450.963593496512,77249.78688413286
near_cutoff48,context_default,4,1,16,48,48,48,1,0,0,0,2,2048,26345200,12863.8671875,2838.2200000000003,12945.01953125,13134.787326388889,341.19741054779405,12818.611059281266,13450.963593496512,77249.78688413286
near_cutoff48,context_default,4,1,16,48,48,48,1,0,0,0,3,2048,26506100,12942.431640625,2690.7799999999997,12945.01953125,13134.787326388889,341.19741054779405,12818.611059281266,13450.963593496512,77249.78688413286
near_cutoff48,context_default,4,1,16,48,48,48,1,0,0,0,4,2048,26511400,12945.01953125,2653.9200000000001,12945.01953125,13134.787326388889,341.19741054779405,12818.611059281266,13450.963593496512,77249.78688413286
near_cutoff48,context_default,4,1,16,48,48,48,1,0,0,0,5,2048,26592600,12984.66796875,2838.2200000000003,12945.01953125,13134.787326388889,341.19741054779405,12818.611059281266,13450.963593496512,77249.78688413286
near_cutoff48,context_default,4,1,16,48,48,48,1,0,0,0,6,2048,27372200,13365.33203125,2727.6399999999999,12945.01953125,13134.787326388889,341.19741054779405,12818.611059281266,13450.963593496512,77249.78688413286
near_cutoff48,context_default,4,1,16,48,48,48,1,0,0,0,7,2048,28307000,13821.77734375,2764.5,12945.01953125,13134.787326388889,341.19741054779405,12818.611059281266,13450.963593496512,77249.78688413286
near_cutoff48,context_default,4,1,16,48,48,48,1,0,0,0,8,2048,26499300,12939.111328125,2911.9400000000001,12945.01953125,13134.787326388889,341.19741054779405,12818.611059281266,13450.963593496512,77249.78688413286
near_cutoff48,context_forced,4,1,16,48,48,48,1,0,0,0,0,1024,21802000,21291.015625,2432.7600000000002,25502.34375,26098.621961805555,3973.3160261949597,22416.682444198224,29780.561479412885,39212.082222834913
near_cutoff48,context_forced,4,1,16,48,48,48,1,0,0,0,1,1024,22632600,22102.1484375,2690.7799999999997,25502.34375,26098.621961805555,3973.3160261949597,22416.682444198224,29780.561479412885,39212.082222834913
near_cutoff48,context_forced,4,1,16,48,48,48,1,0,0,0,2,1024,32302800,31545.703125,2690.7799999999997,25502.34375,26098.621961805555,3973.3160261949597,22416.682444198224,29780.561479412885,39212.082222834913
near_cutoff48,context_forced,4,1,16,48,48,48,1,0,0,0,3,1024,23570000,23017.578125,2764.5,25502.34375,26098.621961805555,3973.3160261949597,22416.682444198224,29780.561479412885,39212.082222834913
near_cutoff48,context_forced,4,1,16,48,48,48,1,0,0,0,4,1024,32176300,31422.16796875,2764.5,25502.34375,26098.621961805555,3973.3160261949597,22416.682444198224,29780.561479412885,39212.082222834913
near_cutoff48,context_forced,4,1,16,48,48,48,1,0,0,0,5,1024,28147800,27488.0859375,2838.2200000000003,25502.34375,26098.621961805555,3973.3160261949597,22416.682444198224,29780.561479412885,39212.082222834913
near_cutoff48,context_forced,4,1,16,48,48,48,1,0,0,0,6,1024,23871600,23312.109375,2543.3399999999997,25502.34375,26098.621961805555,3973.3160261949597,22416.682444198224,29780.561479412885,39212.082222834913
near_cutoff48,context_forced,4,1,16,48,48,48,1,0,0,0,7,1024,29907400,29206.4453125,2875.0799999999999,25502.34375,26098.621961805555,3973.3160261949597,22416.682444198224,29780.561479412885,39212.082222834913
near_cutoff48,context_forced,4,1,16,48,48,48,1,0,0,0,8,1024,26114400,25502.34375,2838.2200000000003,25502.34375,26098.621961805555,3973.3160261949597,22416.682444198224,29780.561479412885,39212.082222834913
square16/workers4,serial,4,1,32,16,16,16,1,0,0,0,0,32768,45723700,1395.3765869140625,2690.7799999999997,1053.9886474609375,1123.0150010850693,270.28391113633319,872.55191009873397,1373.4780920714047,948776.82260525634
square16/workers4,serial,4,1,32,16,16,16,1,0,0,0,1,32768,31584700,963.8885498046875,2764.5,1053.9886474609375,1123.0150010850693,270.28391113633319,872.55191009873397,1373.4780920714047,948776.82260525634
square16/workers4,serial,4,1,32,16,16,16,1,0,0,0,2,32768,29671500,905.5023193359375,2506.48,1053.9886474609375,1123.0150010850693,270.28391113633319,872.55191009873397,1373.4780920714047,948776.82260525634
square16/workers4,serial,4,1,32,16,16,16,1,0,0,0,3,32768,34537100,1053.9886474609375,2948.8000000000002,1053.9886474609375,1123.0150010850693,270.28391113633319,872.55191009873397,1373.4780920714047,948776.82260525634
square16/workers4,serial,4,1,32,16,16,16,1,0,0,0,4,32768,42878400,1308.544921875,2764.5,1053.9886474609375,1123.0150010850693,270.28391113633319,872.55191009873397,1373.4780920714047,948776.82260525634
square16/workers4,serial,4,1,32,16,16,16,1,0,0,0,5,32768,27247000,831.512451171875,2690.7799999999997,1053.9886474609375,1123.0150010850693,270.28391113633319,872.55191009873397,1373.4780920714047,948776.82260525634
square16/workers4,serial,4,1,32,16,16,16,1,0,0,0,6,32768,40037100,1221.8353271484375,2690.7799999999997,1053.9886474609375,1123.0150010850693,270.28391113633319,872.55191009873397,1373.4780920714047,948776.82260525634
square16/workers4,serial,4,1,32,16,16,16,1,0,0,0,7,32768,27333800,834.161376953125,2727.6399999999999,1053.9886474609375,1123.0150010850693,270.28391113633319,872.55191009873397,1373.4780920714047,948776.82260525634
square16/workers4,serial,4,1,32,16,16,16,1,0,0,0,8,32768,52177300,1592.3248291015625,2653.9200000000001,1053.9886474609375,1123.0150010850693,270.28391113633319,872.55191009873397,1373.4780920714047,948776.82260525634
square16/workers4,context_default,4,1,32,16,16,16,1,0,0,0,0,32768,43285700,1320.9747314453125,2764.5,1285.0128173828125,1237.0530870225693,306.6114989084669,952.92643136739002,1521.1797426777487,778202.35446110298
square16/workers4,context_default,4,1,32,16,16,16,1,0,0,0,1,32768,49255700,1503.1646728515625,2653.9200000000001,1285.0128173828125,1237.0530870225693,306.6114989084669,952.92643136739002,1521.1797426777487,778202.35446110298
square16/workers4,context_default,4,1,32,16,16,16,1,0,0,0,2,32768,50914700,1553.7933349609375,2838.2200000000003,1285.0128173828125,1237.0530870225693,306.6114989084669,952.92643136739002,1521.1797426777487,778202.35446110298
square16/workers4,context_default,4,1,32,16,16,16,1,0,0,0,3,32768,42107300,1285.0128173828125,2838.2200000000003,1285.0128173828125,1237.0530870225693,306.6114989084669,952.92643136739002,1521.1797426777487,778202.35446110298
square16/workers4,context_default,4,1,32,16,16,16,1,0,0,0,4,32768,53100000,1620.4833984375,2948.8000000000002,1285.0128173828125,1237.0530870225693,306.6114989084669,952.92643136739002,1521.1797426777487,778202.35446110298
square16/workers4,context_default,4,1,32,16,16,16,1,0,0,0,5,32768,26400500,805.6793212890625,2359.04,1285.0128173828125,1237.0530870225693,306.6114989084669,952.92643136739002,1521.1797426777487,778202.35446110298
square16/workers4,context_default,4,1,32,16,16,16,1,0,0,0,6,32768,39924900,1218.4112548828125,2690.7799999999997,1285.0128173828125,1237.0530870225693,306.6114989084669,952.92643136739002,1521.1797426777487,778202.35446110298
square16/workers4,context_default,4,1,32,16,16,16,1,0,0,0,7,32768,26032100,794.4366455078125,2653.9200000000001,1285.0128173828125,1237.0530870225693,306.6114989084669,952.92643136739002,1521.1797426777487,778202.35446110298
square16/workers4,context_default,4,1,32,16,16,16,1,0,0,0,8,32768,33800900,1031.5216064453125,2580.1999999999998,1285.0128173828125,1237.0530870225693,306.6114989084669,952.92643136739002,1521.1797426777487,778202.35446110298
square16/workers4,context_forced,4,1,32,16,16,16,1,0,0,0,0,32768,42651600,1301.62353515625,2543.3399999999997,1138.7664794921875,1157.6571994357639,273.78212111259728,903.95243387142375,1411.361965000104,878143.16456340731
square16/workers4,context_forced,4,1,32,16,16,16,1,0,0,0,1,32768,45686600,1394.244384765625,2469.6200000000003,1138.7664794921875,1157.6571994357639,273.78212111259728,903.95243387142375,1411.361965000104,878143.16456340731
square16/workers4,context_forced,4,1,32,16,16,16,1,0,0,0,2,32768,44522100,1358.7066650390625,2727.6399999999999,1138.7664794921875,1157.6571994357639,273.78212111259728,903.95243387142375,1411.361965000104,878143.16456340731
square16/workers4,context_forced,4,1,32,16,16,16,1,0,0,0,3,32768,37315100,1138.7664794921875,2285.3200000000002,1138.7664794921875,1157.6571994357639,273.78212111259728,903.95243387142375,1411.361965000104,878143.16456340731
square16/workers4,context_forced,4,1,32,16,16,16,1,0,0,0,4,32768,28483000,869.232177734375,2801.3600000000001,1138.7664794921875,1157.6571994357639,273.78212111259728,903.95243387142375,1411.361965000104,878143.16456340731
square16/workers4,context_forced,4,1,32,16,16,16,1,0,0,0,5,32768,30458300,929.5135498046875,2653.9200000000001,1138.7664794921875,1157.6571994357639,273.78212111259728,903.95243387142375,1411.361965000104,878143.16456340731
square16/workers4,context_forced,4,1,32,16,16,16,1,0,0,0,6,32768,32310000,986.02294921875,2727.6399999999999,1138.7664794921875,1157.6571994357639,273.78212111259728,903.95243387142375,1411.361965000104,878143.16456340731
square16/workers4,context_forced,4,1,32,16,16,16,1,0,0,0,7,32768,27097600,826.953125,2653.9200000000001,1138.7664794921875,1157.6571994357639,273.78212111259728,903.95243387142375,1411.361965000104,878143.16456340731
square16/workers4,context_forced,4,1,32,16,16,16,1,0,0,0,8,32768,52882700,1613.8519287109375,2764.5,1138.7664794921875,1157.6571994357639,273.78212111259728,903.95243387142375,1411.361965000104,878143.16456340731
padded128,serial,4,1,32,128,128,128,1,0,1,0,0,2,16704300,8352150,2580.1999999999998,9152300,9229333.333333334,802326.7418109657,8485843.8859218396,9972822.7807448283,109.26215268293215
padded128,serial,4,1,32,128,128,128,1,0,1,0,1,2,20094400,10047200,2875.0799999999999,9152300,9229333.333333334,802326.7418109657,8485843.8859218396,9972822.7807448283,109.26215268293215
padded128,serial,4,1,32,128,128,128,1,0,1,0,2,2,18118300,9059150,2911.9400000000001,9152300,9229333.333333334,802326.7418109657,8485843.8859218396,9972822.7807448283,109.26215268293215
padded128,serial,4,1,32,128,128,128,1,0,1,0,3,2,16687100,8343550,2875.0799999999999,9152300,9229333.333333334,802326.7418109657,8485843.8859218396,9972822.7807448283,109.26215268293215
padded128,serial,4,1,32,128,128,128,1,0,1,0,4,2,16614900,8307450,2911.9400000000001,9152300,9229333.333333334,802326.7418109657,8485843.8859218396,9972822.7807448283,109.26215268293215
padded128,serial,4,1,32,128,128,128,1,0,1,0,5,2,20920000,10460000,3243.6799999999998,9152300,9229333.333333334,802326.7418109657,8485843.8859218396,9972822.7807448283,109.26215268293215
padded128,serial,4,1,32,128,128,128,1,0,1,0,6,2,18304600,9152300,2727.6399999999999,9152300,9229333.333333334,802326.7418109657,8485843.8859218396,9972822.7807448283,109.26215268293215
padded128,serial,4,1,32,128,128,128,1,0,1,0,7,2,19866100,9933050,2727.6399999999999,9152300,9229333.333333334,802326.7418109657,8485843.8859218396,9972822.7807448283,109.26215268293215
padded128,serial,4,1,32,128,128,128,1,0,1,0,8,2,18818300,9409150,2764.5,9152300,9229333.333333334,802326.7418109657,8485843.8859218396,9972822.7807448283,109.26215268293215
padded128,context_default,4,1,32,128,128,128,1,0,1,0,0,8,35776500,4472062.5,2838.2200000000003,3654900,3493686.111111111,673121.42752198596,2869926.921607404,4117445.300614818,273.60529699854987
padded128,context_default,4,1,32,128,128,128,1,0,1,0,1,8,24453700,3056712.5,2911.9400000000001,3654900,3493686.111111111,673121.42752198596,2869926.921607404,4117445.300614818,273.60529699854987
padded128,context_default,4,1,32,128,128,128,1,0,1,0,2,8,32824900,4103112.5,2875.0799999999999,3654900,3493686.111111111,673121.42752198596,2869926.921607404,4117445.300614818,273.60529699854987
padded128,context_default,4,1,32,128,128,128,1,0,1,0,3,8,29239200,3654900,3243.6799999999998,3654900,3493686.111111111,673121.42752198596,2869926.921607404,4117445.300614818,273.60529699854987
padded128,context_default,4,1,32,128,128,128,1,0,1,0,4,8,21959900,2744987.5,2911.9400000000001,3654900,3493686.111111111,673121.42752198596,2869926.921607404,4117445.300614818,273.60529699854987
padded128,context_default,4,1,32,128,128,128,1,0,1,0,5,8,31754900,3969362.5,3169.96,3654900,3493686.111111111,673121.42752198596,2869926.921607404,4117445.300614818,273.60529699854987
padded128,context_default,4,1,32,128,128,128,1,0,1,0,6,8,18997300,2374662.5,2617.0599999999999,3654900,3493686.111111111,673121.42752198596,2869926.921607404,4117445.300614818,273.60529699854987
padded128,context_default,4,1,32,128,128,128,1,0,1,0,7,8,27182100,3397762.5,2617.0599999999999,3654900,3493686.111111111,673121.42752198596,2869926.921607404,4117445.300614818,273.60529699854987
padded128,context_default,4,1,32,128,128,128,1,0,1,0,8,8,29356900,3669612.5,2653.9200000000001,3654900,3493686.111111111,673121.42752198596,2869926.921607404,4117445.300614818,273.60529699854987
padded128,context_forced,4,1,32,128,128,128,1,0,1,0,0,8,26616900,3327112.5,2838.2200000000003,3130200,3252848.611111111,730051.16394023108,2576334.5325264968,3929362.6896957252,319.46840457478754
padded128,context_forced,4,1,32,128,128,128,1,0,1,0,1,8,20804200,2600525,2948.8000000000002,3130200,3252848.611111111,730051.16394023108,2576334.5325264968,3929362.6896957252,319.46840457478754
padded128,context_forced,4,1,32,128,128,128,1,0,1,0,2,8,22190300,2773787.5,2764.5,3130200,3252848.611111111,730051.16394023108,2576334.5325264968,3929362.6896957252,319.46840457478754
padded128,context_forced,4,1,32,128,128,128,1,0,1,0,3,8,21559000,2694875,3243.6799999999998,3130200,3252848.611111111,730051.16394023108,2576334.5325264968,3929362.6896957252,319.46840457478754
padded128,context_forced,4,1,32,128,128,128,1,0,1,0,4,8,29426000,3678250,3169.96,3130200,3252848.611111111,730051.16394023108,2576334.5325264968,3929362.6896957252,319.46840457478754
padded128,context_forced,4,1,32,128,128,128,1,0,1,0,5,8,25041600,3130200,2801.3600000000001,3130200,3252848.611111111,730051.16394023108,2576334.5325264968,3929362.6896957252,319.46840457478754
padded128,context_forced,4,1,32,128,128,128,1,0,1,0,6,8,19157500,2394687.5,2727.6399999999999,3130200,3252848.611111111,730051.16394023108,2576334.5325264968,3929362.6896957252,319.46840457478754
padded128,context_forced,4,1,32,128,128,128,1,0,1,0,7,8,34350100,4293762.5,2801.3600000000001,3130200,3252848.611111111,730051.16394023108,2576334.5325264968,3929362.6896957252,319.46840457478754
padded128,context_forced,4,1,32,128,128,128,1,0,1,0,8,8,35059500,4382437.5,2764.5,3130200,3252848.611111111,730051.16394023108,2576334.5325264968,3929362.6896957252,319.46840457478754
square32/workers1,serial,1,1,32,32,32,32,1,0,0,0,0,8192,44334900,5411.97509765625,2727.6399999999999,3836.68212890625,4163.2378472222226,660.13627059066903,3551.5115698082027,4774.9641246362426,260641.86878183653
square32/workers1,serial,1,1,32,32,32,32,1,0,0,0,1,8192,30878600,3769.3603515625,2653.9200000000001,3836.68212890625,4163.2378472222226,660.13627059066903,3551.5115698082027,4774.9641246362426,260641.86878183653
square32/workers1,serial,1,1,32,32,32,32,1,0,0,0,2,8192,41437200,5058.251953125,2727.6399999999999,3836.68212890625,4163.2378472222226,660.13627059066903,3551.5115698082027,4774.9641246362426,260641.86878183653
square32/workers1,serial,1,1,32,32,32,32,1,0,0,0,3,8192,29224900,3567.49267578125,2617.0599999999999,3836.68212890625,4163.2378472222226,660.13627059066903,3551.5115698082027,4774.9641246362426,260641.86878183653
square32/workers1,serial,1,1,32,32,32,32,1,0,0,0,4,8192,35892400,4381.396484375,2875.0799999999999,3836.68212890625,4163.2378472222226,660.13627059066903,3551.5115698082027,4774.9641246362426,260641.86878183653
square32/workers1,serial,1,1,32,32,32,32,1,0,0,0,5,8192,31430100,3836.68212890625,2801.3600000000001,3836.68212890625,4163.2378472222226,660.13627059066903,3551.5115698082027,4774.9641246362426,260641.86878183653
square32/workers1,serial,1,1,32,32,32,32,1,0,0,0,6,8192,31235000,3812.8662109375,2469.6200000000003,3836.68212890625,4163.2378472222226,660.13627059066903,3551.5115698082027,4774.9641246362426,260641.86878183653
square32/workers1,serial,1,1,32,32,32,32,1,0,0,0,7,8192,33061500,4035.82763671875,2359.04,3836.68212890625,4163.2378472222226,660.13627059066903,3551.5115698082027,4774.9641246362426,260641.86878183653
square32/workers1,serial,1,1,32,32,32,32,1,0,0,0,8,8192,29452600,3595.2880859375,2359.04,3836.68212890625,4163.2378472222226,660.13627059066903,3551.5115698082027,4774.9641246362426,260641.86878183653
square32/workers1,context_default,1,1,32,32,32,32,1,0,0,0,0,8192,31450400,3839.16015625,2764.5,3839.16015625,3944.9720594618057,372.02665420489132,3600.2273598986062,4289.7167590250046,260473.6346755526
square32/workers1,context_default,1,1,32,32,32,32,1,0,0,0,1,8192,29972800,3658.7890625,2543.3399999999997,3839.16015625,3944.9720594618057,372.02665420489132,3600.2273598986062,4289.7167590250046,260473.6346755526
square32/workers1,context_default,1,1,32,32,32,32,1,0,0,0,2,8192,29864600,3645.5810546875,2617.0599999999999,3839.16015625,3944.9720594618057,372.02665420489132,3600.2273598986062,4289.7167590250046,260473.6346755526
square32/workers1,context_default,1,1,32,32,32,32,1,0,0,0,3,8192,33912500,4139.70947265625,2395.9000000000001,3839.16015625,3944.9720594618057,372.02665420489132,3600.2273598986062,4289.7167590250046,260473.6346755526
square32/workers1,context_default,1,1,32,32,32,32,1,0,0,0,4,8192,29922000,3652.587890625,2395.9000000000001,3839.16015625,3944.9720594618057,372.02665420489132,3600.2273598986062,4289.7167590250046,260473.6346755526
square32/workers1,context_default,1,1,32,32,32,32,1,0,0,0,5,8192,39117800,4775.1220703125,2653.9200000000001,3839.16015625,3944.9720594618057,372.02665420489132,3600.2273598986062,4289.7167590250046,260473.6346755526
square32/workers1,context_default,1,1,32,32,32,32,1,0,0,0,6,8192,33695400,4113.2080078125,2838.2200000000003,3839.16015625,3944.9720594618057,372.02665420489132,3600.2273598986062,4289.7167590250046,260473.6346755526
square32/workers1,context_default,1,1,32,32,32,32,1,0,0,0,7,8192,30020600,3664.6240234375,2174.7399999999998,3839.16015625,3944.9720594618057,372.02665420489132,3600.2273598986062,4289.7167590250046,260473.6346755526
square32/workers1,context_default,1,1,32,32,32,32,1,0,0,0,8,8192,32898800,4015.966796875,2580.1999999999998,3839.16015625,3944.9720594618057,372.02665420489132,3600.2273598986062,4289.7167590250046,260473.6346755526
square32/workers1,context_forced,1,1,32,32,32,32,1,0,0,0,0,8192,36067200,4402.734375,2875.0799999999999,3731.82373046875,3818.0813259548613,267.24813926086375,3570.4313835731277,4065.7312683365949,267965.49682543316
square32/workers1,context_forced,1,1,32,32,32,32,1,0,0,0,1,8192,32399300,3954.99267578125,2617.0599999999999,3731.82373046875,3818.0813259548613,267.24813926086375,3570.4313835731277,4065.7312683365949,267965.49682543316
square32/workers1,context_forced,1,1,32,32,32,32,1,0,0,0,2,8192,32582200,3977.3193359375,2690.7799999999997,3731.82373046875,3818.0813259548613,267.24813926086375,3570.4313835731277,4065.7312683365949,267965.49682543316
square32/workers1,context_forced,1,1,32,32,32,32,1,0,0,0,3,8192,29270400,3573.046875,2580.1999999999998,3731.82373046875,3818.0813259548613,267.24813926086375,3570.4313835731277,4065.7312683365949,267965.49682543316
square32/workers1,context_forced,1,1,32,32,32,32,1,0,0,0,4,8192,30048500,3668.02978515625,2764.5,3731.82373046875,3818.0813259548613,267.24813926086375,3570.4313835731277,4065.7312683365949,267965.49682543316
square32/workers1,context_forced,1,1,32,32,32,32,1,0,0,0,5,8192,30044300,3667.51708984375,2911.9400000000001,3731.82373046875,3818.0813259548613,267.24813926086375,3570.4313835731277,4065.7312683365949,267965.49682543316
square32/workers1,context_forced,1,1,32,32,32,32,1,0,0,0,6,8192,30571100,3731.82373046875,2838.2200000000003,3731.82373046875,3818.0813259548613,267.24813926086375,3570.4313835731277,4065.7312683365949,267965.49682543316
square32/workers1,context_forced,1,1,32,32,32,32,1,0,0,0,7,8192,31442700,3838.22021484375,2653.9200000000001,3731.82373046875,3818.0813259548613,267.24813926086375,3570.4313835731277,4065.7312683365949,267965.49682543316
square32/workers1,context_forced,1,1,32,32,32,32,1,0,0,0,8,8192,29073800,3549.0478515625,2359.04,3731.82373046875,3818.0813259548613,267.24813926086375,3570.4313835731277,4065.7312683365949,267965.49682543316
grain1,serial,4,1,1,128,128,128,1,0,0,0,0,128,40086200,313173.4375,2764.5,318014.0625,323036.54513888888,21836.966160425764,302800.95649689436,343272.13378088339,3144.5150322558457
grain1,serial,4,1,1,128,128,128,1,0,0,0,1,128,38097500,297636.71875,2948.8000000000002,318014.0625,323036.54513888888,21836.966160425764,302800.95649689436,343272.13378088339,3144.5150322558457
grain1,serial,4,1,1,128,128,128,1,0,0,0,2,128,44397900,346858.59375,2543.3399999999997,318014.0625,323036.54513888888,21836.966160425764,302800.95649689436,343272.13378088339,3144.5150322558457
grain1,serial,4,1,1,128,128,128,1,0,0,0,3,128,41936700,327630.46875,2985.6600000000003,318014.0625,323036.54513888888,21836.966160425764,302800.95649689436,343272.13378088339,3144.5150322558457
grain1,serial,4,1,1,128,128,128,1,0,0,0,4,128,40911900,319624.21875,3206.8200000000002,318014.0625,323036.54513888888,21836.966160425764,302800.95649689436,343272.13378088339,3144.5150322558457
grain1,serial,4,1,1,128,128,128,1,0,0,0,5,128,47087500,367871.09375,3206.8200000000002,318014.0625,323036.54513888888,21836.966160425764,302800.95649689436,343272.13378088339,3144.5150322558457
grain1,serial,4,1,1,128,128,128,1,0,0,0,6,128,40705800,318014.0625,2838.2200000000003,318014.0625,323036.54513888888,21836.966160425764,302800.95649689436,343272.13378088339,3144.5150322558457
grain1,serial,4,1,1,128,128,128,1,0,0,0,7,128,39487200,308493.75,3391.1200000000003,318014.0625,323036.54513888888,21836.966160425764,302800.95649689436,343272.13378088339,3144.5150322558457
grain1,serial,4,1,1,128,128,128,1,0,0,0,8,128,39427400,308026.5625,2875.0799999999999,318014.0625,323036.54513888888,21836.966160425764,302800.95649689436,343272.13378088339,3144.5150322558457
grain1,context_default,4,1,1,128,128,128,1,0,0,0,0,256,28379300,110856.640625,2690.7799999999997,118004.6875,115800.73784722222,5125.3911253177976,111051.20873776106,120550.26695668338,8474.2396356076952
grain1,context_default,4,1,1,128,128,128,1,0,0,0,1,256,31291300,122231.640625,2948.8000000000002,118004.6875,115800.73784722222,5125.3911253177976,111051.20873776106,120550.26695668338,8474.2396356076952
grain1,context_default,4,1,1,128,128,128,1,0,0,0,2,256,27846900,108776.953125,2801.3600000000001,118004.6875,115800.73784722222,5125.3911253177976,111051.20873776106,120550.26695668338,8474.2396356076952
grain1,context_default,4,1,1,128,128,128,1,0,0,0,3,256,31097900,121476.171875,2875.0799999999999,118004.6875,115800.73784722222,5125.3911253177976,111051.20873776106,120550.26695668338,8474.2396356076952
grain1,context_default,4,1,1,128,128,128,1,0,0,0,4,256,30486600,119088.28125,2764.5,118004.6875,115800.73784722222,5125.3911253177976,111051.20873776106,120550.26695668338,8474.2396356076952
grain1,context_default,4,1,1,128,128,128,1,0,0,0,5,256,30209200,118004.6875,3059.3799999999997,118004.6875,115800.73784722222,5125.3911253177976,111051.20873776106,120550.26695668338,8474.2396356076952
grain1,context_default,4,1,1,128,128,128,1,0,0,0,6,256,28254600,110369.53125,2875.0799999999999,118004.6875,115800.73784722222,5125.3911253177976,111051.20873776106,120550.26695668338,8474.2396356076952
grain1,context_default,4,1,1,128,128,128,1,0,0,0,7,256,28859500,112732.421875,2948.8000000000002,118004.6875,115800.73784722222,5125.3911253177976,111051.20873776106,120550.26695668338,8474.2396356076952
grain1,context_default,4,1,1,128,128,128,1,0,0,0,8,256,30379600,118670.3125,2690.7799999999997,118004.6875,115800.73784722222,5125.3911253177976,111051.20873776106,120550.26695668338,8474.2396356076952
grain1,context_forced,4,1,1,128,128,128,1,0,0,0,0,256,31021800,121178.90625,2506.48,113547.65625,115471.13715277778,4386.1086101228229,111406.67650739729,119535.59779815827,8806.8748666928113
grain1,context_forced,4,1,1,128,128,128,1,0,0,0,1,256,28648500,111908.203125,2801.3600000000001,113547.65625,115471.13715277778,4386.1086101228229,111406.67650739729,119535.59779815827,8806.8748666928113
grain1,context_forced,4,1,1,128,128,128,1,0,0,0,2,256,31806400,124243.75,2911.9400000000001,113547.65625,115471.13715277778,4386.1086101228229,111406.67650739729,119535.59779815827,8806.8748666928113
grain1,context_forced,4,1,1,128,128,128,1,0,0,0,3,256,29068200,113547.65625,2617.0599999999999,113547.65625,115471.13715277778,4386.1086101228229,111406.67650739729,119535.59779815827,8806.8748666928113
grain1,context_forced,4,1,1,128,128,128,1,0,0,0,4,256,28993800,113257.03125,2948.8000000000002,113547.65625,115471.13715277778,4386.1086101228229,111406.67650739729,119535.59779815827,8806.8748666928113
grain1,context_forced,4,1,1,128,128,128,1,0,0,0,5,256,29594700,115604.296875,3133.0999999999999,113547.65625,115471.13715277778,4386.1086101228229,111406.67650739729,119535.59779815827,8806.8748666928113
grain1,context_forced,4,1,1,128,128,128,1,0,0,0,6,256,28936900,113034.765625,2875.0799999999999,113547.65625,115471.13715277778,4386.1086101228229,111406.67650739729,119535.59779815827,8806.8748666928113
grain1,context_forced,4,1,1,128,128,128,1,0,0,0,7,256,28505400,111349.21875,2948.8000000000002,113547.65625,115471.13715277778,4386.1086101228229,111406.67650739729,119535.59779815827,8806.8748666928113
grain1,context_forced,4,1,1,128,128,128,1,0,0,0,8,256,29469800,115116.40625,2985.6600000000003,113547.65625,115471.13715277778,4386.1086101228229,111406.67650739729,119535.59779815827,8806.8748666928113
square256/workers1,serial,1,1,32,256,256,256,1,0,0,0,0,8,22227900,2778487.5,2359.04,3020312.5,3027659.722222222,356321.17188062507,2697468.7696128427,3357850.6748316013,331.09156751163994
square256/workers1,serial,1,1,32,256,256,256,1,0,0,0,1,8,24106500,3013312.5,3169.96,3020312.5,3027659.722222222,356321.17188062507,2697468.7696128427,3357850.6748316013,331.09156751163994
square256/workers1,serial,1,1,32,256,256,256,1,0,0,0,2,8,23692700,2961587.5,2801.3600000000001,3020312.5,3027659.722222222,356321.17188062507,2697468.7696128427,3357850.6748316013,331.09156751163994
square256/workers1,serial,1,1,32,256,256,256,1,0,0,0,3,8,19355700,2419462.5,2617.0599999999999,3020312.5,3027659.722222222,356321.17188062507,2697468.7696128427,3357850.6748316013,331.09156751163994
square256/workers1,serial,1,1,32,256,256,256,1,0,0,0,4,8,24707000,3088375,2543.3399999999997,3020312.5,3027659.722222222,356321.17188062507,2697468.7696128427,3357850.6748316013,331.09156751163994
square256/workers1,serial,1,1,32,256,256,256,1,0,0,0,5,8,24445400,3055675,2580.1999999999998,3020312.5,3027659.722222222,356321.17188062507,2697468.7696128427,3357850.6748316013,331.09156751163994
square256/workers1,serial,1,1,32,256,256,256,1,0,0,0,6,8,25067500,3133437.5,2875.0799999999999,3020312.5,3027659.722222222,356321.17188062507,2697468.7696128427,3357850.6748316013,331.09156751163994
square256/workers1,serial,1,1,32,256,256,256,1,0,0,0,7,8,30226300,3778287.5,2580.1999999999998,3020312.5,3027659.722222222,356321.17188062507,2697468.7696128427,3357850.6748316013,331.09156751163994
square256/workers1,serial,1,1,32,256,256,256,1,0,0,0,8,8,24162500,3020312.5,2617.0599999999999,3020312.5,3027659.722222222,356321.17188062507,2697468.7696128427,3357850.6748316013,331.09156751163994
square256/workers1,context_default,1,1,32,256,256,256,1,0,0,0,0,8,22915600,2864450,2985.6600000000003,3028050,3490795.8333333335,990205.00235036563,2573205.8644886613,4408385.8021780057,330.24553755717375
square256/workers1,context_default,1,1,32,256,256,256,1,0,0,0,1,8,31253500,3906687.5,2580.1999999999998,3028050,3490795.8333333335,990205.00235036563,2573205.8644886613,4408385.8021780057,330.24553755717375
square256/workers1,context_default,1,1,32,256,256,256,1,0,0,0,2,8,30086200,3760775,2948.8000000000002,3028050,3490795.8333333335,990205.00235036563,2573205.8644886613,4408385.8021780057,330.24553755717375
square256/workers1,context_default,1,1,32,256,256,256,1,0,0,0,3,8,22863600,2857950,2617.0599999999999,3028050,3490795.8333333335,990205.00235036563,2573205.8644886613,4408385.8021780057,330.24553755717375
square256/workers1,context_default,1,1,32,256,256,256,1,0,0,0,4,8,47419000,5927375,2653.9200000000001,3028050,3490795.8333333335,990205.00235036563,2573205.8644886613,4408385.8021780057,330.24553755717375
square256/workers1,context_default,1,1,32,256,256,256,1,0,0,0,5,8,24330100,3041262.5,2690.7799999999997,3028050,3490795.8333333335,990205.00235036563,2573205.8644886613,4408385.8021780057,330.24553755717375
square256/workers1,context_default,1,1,32,256,256,256,1,0,0,0,6,8,24172200,3021525,2506.48,3028050,3490795.8333333335,990205.00235036563,2573205.8644886613,4408385.8021780057,330.24553755717375
square256/workers1,context_default,1,1,32,256,256,256,1,0,0,0,7,8,24072700,3009087.5,2727.6399999999999,3028050,3490795.8333333335,990205.00235036563,2573205.8644886613,4408385.8021780057,330.24553755717375
square256/workers1,context_default,1,1,32,256,256,256,1,0,0,0,8,8,24224400,3028050,2617.0599999999999,3028050,3490795.8333333335,990205.00235036563,2573205.8644886613,4408385.8021780057,330.24553755717375
square256/workers1,context_forced,1,1,32,256,256,256,1,0,0,0,0,8,29142900,3642862.5,2580.1999999999998,3642862.5,3759551.388888889,1084221.6327322328,2754839.34255702,4764263.4352207575,274.50940023127418
square256/workers1,context_forced,1,1,32,256,256,256,1,0,0,0,1,8,22769400,2846175,3169.96,3642862.5,3759551.388888889,1084221.6327322328,2754839.34255702,4764263.4352207575,274.50940023127418
square256/workers1,context_forced,1,1,32,256,256,256,1,0,0,0,2,8,17977500,2247187.5,2653.9200000000001,3642862.5,3759551.388888889,1084221.6327322328,2754839.34255702,4764263.4352207575,274.50940023127418
square256/workers1,context_forced,1,1,32,256,256,256,1,0,0,0,3,8,26529400,3316175,3206.8200000000002,3642862.5,3759551.388888889,1084221.6327322328,2754839.34255702,4764263.4352207575,274.50940023127418
square256/workers1,context_forced,1,1,32,256,256,256,1,0,0,0,4,8,30773800,3846725,2727.6399999999999,3642862.5,3759551.388888889,1084221.6327322328,2754839.34255702,4764263.4352207575,274.50940023127418
square256/workers1,context_forced,1,1,32,256,256,256,1,0,0,0,5,8,24260200,3032525,2506.48,3642862.5,3759551.388888889,1084221.6327322328,2754839.34255702,4764263.4352207575,274.50940023127418
square256/workers1,context_forced,1,1,32,256,256,256,1,0,0,0,6,8,36057200,4507150,2838.2200000000003,3642862.5,3759551.388888889,1084221.6327322328,2754839.34255702,4764263.4352207575,274.50940023127418
square256/workers1,context_forced,1,1,32,256,256,256,1,0,0,0,7,8,36416700,4552087.5,2727.6399999999999,3642862.5,3759551.388888889,1084221.6327322328,2754839.34255702,4764263.4352207575,274.50940023127418
square256/workers1,context_forced,1,1,32,256,256,256,1,0,0,0,8,8,46760600,5845075,2764.5,3642862.5,3759551.388888889,1084221.6327322328,2754839.34255702,4764263.4352207575,274.50940023127418
concurrent2,serial,4,2,32,128,128,128,1,0,0,0,0,64,19865800,155201.5625,2875.0799999999999,156791.40625,169744.87847222222,32000.179435968643,140091.37886155795,199398.37808288648,6377.9005745093255
concurrent2,serial,4,2,32,128,128,128,1,0,0,0,1,64,20173900,157608.59375,2875.0799999999999,156791.40625,169744.87847222222,32000.179435968643,140091.37886155795,199398.37808288648,6377.9005745093255
concurrent2,serial,4,2,32,128,128,128,1,0,0,0,2,64,21216900,165757.03125,2580.1999999999998,156791.40625,169744.87847222222,32000.179435968643,140091.37886155795,199398.37808288648,6377.9005745093255
concurrent2,serial,4,2,32,128,128,128,1,0,0,0,3,64,20069300,156791.40625,2506.48,156791.40625,169744.87847222222,32000.179435968643,140091.37886155795,199398.37808288648,6377.9005745093255
concurrent2,serial,4,2,32,128,128,128,1,0,0,0,4,64,17722200,138454.6875,3022.52,156791.40625,169744.87847222222,32000.179435968643,140091.37886155795,199398.37808288648,6377.9005745093255
concurrent2,serial,4,2,32,128,128,128,1,0,0,0,5,64,27011300,211025.78125,2764.5,156791.40625,169744.87847222222,32000.179435968643,140091.37886155795,199398.37808288648,6377.9005745093255
concurrent2,serial,4,2,32,128,128,128,1,0,0,0,6,64,19326200,150985.9375,2985.6600000000003,156791.40625,169744.87847222222,32000.179435968643,140091.37886155795,199398.37808288648,6377.9005745093255
concurrent2,serial,4,2,32,128,128,128,1,0,0,0,7,64,19926600,155676.5625,3022.52,156791.40625,169744.87847222222,32000.179435968643,140091.37886155795,199398.37808288648,6377.9005745093255
concurrent2,serial,4,2,32,128,128,128,1,0,0,0,8,64,30233900,236202.34375,2690.7799999999997,156791.40625,169744.87847222222,32000.179435968643,140091.37886155795,199398.37808288648,6377.9005745093255
concurrent2,context_default,4,2,32,128,128,128,1,0,0,0,0,128,21943000,85714.84375,2543.3399999999997,87611.328125,87577.039930555562,1977.1991295195573,85744.835403867444,89409.24445724368,11414.049089328309
concurrent2,context_default,4,2,32,128,128,128,1,0,0,0,1,128,22020300,86016.796875,2543.3399999999997,87611.328125,87577.039930555562,1977.1991295195573,85744.835403867444,89409.24445724368,11414.049089328309
concurrent2,context_default,4,2,32,128,128,128,1,0,0,0,2,128,22962800,89698.4375,2617.0599999999999,87611.328125,87577.039930555562,1977.1991295195573,85744.835403867444,89409.24445724368,11414.049089328309
concurrent2,context_default,4,2,32,128,128,128,1,0,0,0,3,128,23254500,90837.890625,2506.48,87611.328125,87577.039930555562,1977.1991295195573,85744.835403867444,89409.24445724368,11414.049089328309
concurrent2,context_default,4,2,32,128,128,128,1,0,0,0,4,128,22704700,88690.234375,3022.52,87611.328125,87577.039930555562,1977.1991295195573,85744.835403867444,89409.24445724368,11414.049089328309
concurrent2,context_default,4,2,32,128,128,128,1,0,0,0,5,128,22428500,87611.328125,2838.2200000000003,87611.328125,87577.039930555562,1977.1991295195573,85744.835403867444,89409.24445724368,11414.049089328309
concurrent2,context_default,4,2,32,128,128,128,1,0,0,0,6,128,21971500,85826.171875,2875.0799999999999,87611.328125,87577.039930555562,1977.1991295195573,85744.835403867444,89409.24445724368,11414.049089328309
concurrent2,context_default,4,2,32,128,128,128,1,0,0,0,7,128,21840800,85315.625,3022.52,87611.328125,87577.039930555562,1977.1991295195573,85744.835403867444,89409.24445724368,11414.049089328309
concurrent2,context_default,4,2,32,128,128,128,1,0,0,0,8,128,22651400,88482.03125,2506.48,87611.328125,87577.039930555562,1977.1991295195573,85744.835403867444,89409.24445724368,11414.049089328309
concurrent2,context_forced,4,2,32,128,128,128,1,0,0,0,0,128,23255400,90841.40625,3022.52,89083.984375,88297.135416666672,3139.1316339333612,85388.206769221753,91206.06406411159,11225.362302953235
concurrent2,context_forced,4,2,32,128,128,128,1,0,0,0,1,128,21886500,85494.140625,2985.6600000000003,89083.984375,88297.135416666672,3139.1316339333612,85388.206769221753,91206.06406411159,11225.362302953235
concurrent2,context_forced,4,2,32,128,128,128,1,0,0,0,2,128,23609800,92225.78125,2617.0599999999999,89083.984375,88297.135416666672,3139.1316339333612,85388.206769221753,91206.06406411159,11225.362302953235
concurrent2,context_forced,4,2,32,128,128,128,1,0,0,0,3,128,21865100,85410.546875,3022.52,89083.984375,88297.135416666672,3139.1316339333612,85388.206769221753,91206.06406411159,11225.362302953235
concurrent2,context_forced,4,2,32,128,128,128,1,0,0,0,4,128,22412100,87547.265625,3022.52,89083.984375,88297.135416666672,3139.1316339333612,85388.206769221753,91206.06406411159,11225.362302953235
concurrent2,context_forced,4,2,32,128,128,128,1,0,0,0,5,128,23186400,90571.875,2764.5,89083.984375,88297.135416666672,3139.1316339333612,85388.206769221753,91206.06406411159,11225.362302953235
concurrent2,context_forced,4,2,32,128,128,128,1,0,0,0,6,128,23192600,90596.09375,2764.5,89083.984375,88297.135416666672,3139.1316339333612,85388.206769221753,91206.06406411159,11225.362302953235
concurrent2,context_forced,4,2,32,128,128,128,1,0,0,0,7,128,22805500,89083.984375,3022.52,89083.984375,88297.135416666672,3139.1316339333612,85388.206769221753,91206.06406411159,11225.362302953235
concurrent2,context_forced,4,2,32,128,128,128,1,0,0,0,8,128,21223200,82903.125,2690.7799999999997,89083.984375,88297.135416666672,3139.1316339333612,85388.206769221753,91206.06406411159,11225.362302953235
square16/workers1,serial,1,1,32,16,16,16,1,0,0,0,0,32768,25823500,788.0706787109375,2690.7799999999997,869.5465087890625,882.14619954427087,109.22746813429154,780.92874573982738,983.36365334871437,1150024.7426588004
square16/workers1,serial,1,1,32,16,16,16,1,0,0,0,1,32768,28493300,869.5465087890625,2838.2200000000003,869.5465087890625,882.14619954427087,109.22746813429154,780.92874573982738,983.36365334871437,1150024.7426588004
square16/workers1,serial,1,1,32,16,16,16,1,0,0,0,2,32768,26241000,800.811767578125,2506.48,869.5465087890625,882.14619954427087,109.22746813429154,780.92874573982738,983.36365334871437,1150024.7426588004
square16/workers1,serial,1,1,32,16,16,16,1,0,0,0,3,32768,25818800,787.92724609375,2764.5,869.5465087890625,882.14619954427087,109.22746813429154,780.92874573982738,983.36365334871437,1150024.7426588004
square16/workers1,serial,1,1,32,16,16,16,1,0,0,0,4,32768,29380700,896.6278076171875,2395.9000000000001,869.5465087890625,882.14619954427087,109.22746813429154,780.92874573982738,983.36365334871437,1150024.7426588004
square16/workers1,serial,1,1,32,16,16,16,1,0,0,0,5,32768,25278200,771.429443359375,2395.9000000000001,869.5465087890625,882.14619954427087,109.22746813429154,780.92874573982738,983.36365334871437,1150024.7426588004
square16/workers1,serial,1,1,32,16,16,16,1,0,0,0,6,32768,31744900,968.7774658203125,2911.9400000000001,869.5465087890625,882.14619954427087,109.22746813429154,780.92874573982738,983.36365334871437,1150024.7426588004
square16/workers1,serial,1,1,32,16,16,16,1,0,0,0,7,32768,31565500,963.3026123046875,2948.8000000000002,869.5465087890625,882.14619954427087,109.22746813429154,780.92874573982738,983.36365334871437,1150024.7426588004
square16/workers1,serial,1,1,32,16,16,16,1,0,0,0,8,32768,35809600,1092.822265625,2653.9200000000001,869.5465087890625,882.14619954427087,109.22746813429154,780.92874573982738,983.36365334871437,1150024.7426588004
square16/workers1,context_default,1,1,32,16,16,16,1,0,0,0,0,32768,42017700,1282.2784423828125,2948.8000000000002,895.3399658203125,933.98878309461804,162.31969139796959,783.57253573249955,1084.4050304567365,1116894.1834108764
square16/workers1,context_default,1,1,32,16,16,16,1,0,0,0,1,32768,25683800,783.807373046875,2506.48,895.3399658203125,933.98878309461804,162.31969139796959,783.57253573249955,1084.4050304567365,1116894.1834108764
square16/workers1,context_default,1,1,32,16,16,16,1,0,0,0,2,32768,28119500,858.1390380859375,2617.0599999999999,895.3399658203125,933.98878309461804,162.31969139796959,783.57253573249955,1084.4050304567365,1116894.1834108764
square16/workers1,context_default,1,1,32,16,16,16,1,0,0,0,3,32768,25892100,790.1641845703125,2580.1999999999998,895.3399658203125,933.98878309461804,162.31969139796959,783.57253573249955,1084.4050304567365,1116894.1834108764
square16/workers1,context_default,1,1,32,16,16,16,1,0,0,0,4,32768,25793300,787.1490478515625,2432.7600000000002,895.3399658203125,933.98878309461804,162.31969139796959,783.57253573249955,1084.4050304567365,1116894.1834108764
square16/workers1,context_default,1,1,32,16,16,16,1,0,0,0,5,32768,34352100,1048.3428955078125,2432.7600000000002,895.3399658203125,933.98878309461804,162.31969139796959,783.57253573249955,1084.4050304567365,1116894.1834108764
square16/workers1,context_default,1,1,32,16,16,16,1,0,0,0,6,32768,32293100,985.5072021484375,2690.7799999999997,895.3399658203125,933.98878309461804,162.31969139796959,783.57253573249955,1084.4050304567365,1116894.1834108764
square16/workers1,context_default,1,1,32,16,16,16,1,0,0,0,7,32768,31954400,975.1708984375,2985.6600000000003,895.3399658203125,933.98878309461804,162.31969139796959,783.57253573249955,1084.4050304567365,1116894.1834108764
square16/workers1,context_default,1,1,32,16,16,16,1,0,0,0,8,32768,29338500,895.3399658203125,2838.2200000000003,895.3399658203125,933.98878309461804,162.31969139796959,783.57253573249955,1084.4050304567365,1116894.1834108764
square16/workers1,context_forced,1,1,32,16,16,16,1,0,0,0,0,32768,26909200,821.20361328125,2617.0599999999999,837.3291015625,909.61744520399304,116.97433556294487,801.22122758233081,1018.0136628256553,1194273.551622591
square16/workers1,context_forced,1,1,32,16,16,16,1,0,0,0,1,32768,27437600,837.3291015625,2506.48,837.3291015625,909.61744520399304,116.97433556294487,801.22122758233081,1018.0136628256553,1194273.551622591
square16/workers1,context_forced,1,1,32,16,16,16,1,0,0,0,2,32768,26955300,822.6104736328125,2690.7799999999997,837.3291015625,909.61744520399304,116.97433556294487,801.22122758233081,1018.0136628256553,1194273.551622591
square16/workers1,context_forced,1,1,32,16,16,16,1,0,0,0,3,32768,27094800,826.86767578125,2506.48,837.3291015625,909.61744520399304,116.97433556294487,801.22122758233081,1018.0136628256553,1194273.551622591
square16/workers1,context_forced,1,1,32,16,16,16,1,0,0,0,4,32768,25738700,785.4827880859375,2395.9000000000001,837.3291015625,909.61744520399304,116.97433556294487,801.22122758233081,1018.0136628256553,1194273.551622591
square16/workers1,context_forced,1,1,32,16,16,16,1,0,0,0,5,32768,36977200,1128.45458984375,2359.04,837.3291015625,909.61744520399304,116.97433556294487,801.22122758233081,1018.0136628256553,1194273.551622591
square16/workers1,context_forced,1,1,32,16,16,16,1,0,0,0,6,32768,32505100,991.9769287109375,2838.2200000000003,837.3291015625,909.61744520399304,116.97433556294487,801.22122758233081,1018.0136628256553,1194273.551622591
square16/workers1,context_forced,1,1,32,16,16,16,1,0,0,0,7,32768,32030100,977.4810791015625,2801.3600000000001,837.3291015625,909.61744520399304,116.97433556294487,801.22122758233081,1018.0136628256553,1194273.551622591
square16/workers1,context_forced,1,1,32,16,16,16,1,0,0,0,8,32768,32609100,995.1507568359375,2985.6600000000003,837.3291015625,909.61744520399304,116.97433556294487,801.22122758233081,1018.0136628256553,1194273.551622591
square64/workers1,serial,1,1,32,64,64,64,1,0,0,0,0,512,20556000,40148.4375,3059.3799999999997,41404.4921875,49605.2734375,11137.996211274089,39284.063615052677,59926.483259947323,24151.968715653024
square64/workers1,serial,1,1,32,64,64,64,1,0,0,0,1,512,26528900,51814.2578125,2506.48,41404.4921875,49605.2734375,11137.996211274089,39284.063615052677,59926.483259947323,24151.968715653024
square64/workers1,serial,1,1,32,64,64,64,1,0,0,0,2,512,20999100,41013.8671875,3206.8200000000002,41404.4921875,49605.2734375,11137.996211274089,39284.063615052677,59926.483259947323,24151.968715653024
square64/workers1,serial,1,1,32,64,64,64,1,0,0,0,3,512,33920800,66251.5625,2948.8000000000002,41404.4921875,49605.2734375,11137.996211274089,39284.063615052677,59926.483259947323,24151.968715653024
square64/workers1,serial,1,1,32,64,64,64,1,0,0,0,4,512,21199100,41404.4921875,2764.5,41404.4921875,49605.2734375,11137.996211274089,39284.063615052677,59926.483259947323,24151.968715653024
square64/workers1,serial,1,1,32,64,64,64,1,0,0,0,5,512,34092600,66587.109375,2469.6200000000003,41404.4921875,49605.2734375,11137.996211274089,39284.063615052677,59926.483259947323,24151.968715653024
square64/workers1,serial,1,1,32,64,64,64,1,0,0,0,6,512,29064900,56767.3828125,3022.52,41404.4921875,49605.2734375,11137.996211274089,39284.063615052677,59926.483259947323,24151.968715653024
square64/workers1,serial,1,1,32,64,64,64,1,0,0,0,7,512,21097200,41205.46875,2543.3399999999997,41404.4921875,49605.2734375,11137.996211274089,39284.063615052677,59926.483259947323,24151.968715653024
square64/workers1,serial,1,1,32,64,64,64,1,0,0,0,8,512,21122500,41254.8828125,2359.04,41404.4921875,49605.2734375,11137.996211274089,39284.063615052677,59926.483259947323,24151.968715653024
square64/workers1,context_default,1,1,32,64,64,64,1,0,0,0,0,1024,57321500,55978.02734375,3059.3799999999997,43585.7421875,47499.815538194445,9105.4154509716354,39062.130553627394,55937.500522761497,22943.282592232445
square64/workers1,context_default,1,1,32,64,64,64,1,0,0,0,1,1024,41639800,40663.8671875,2653.9200000000001,43585.7421875,47499.815538194445,9105.4154509716354,39062.130553627394,55937.500522761497,22943.282592232445
square64/workers1,context_default,1,1,32,64,64,64,1,0,0,0,2,1024,44631800,43585.7421875,2248.46,43585.7421875,47499.815538194445,9105.4154509716354,39062.130553627394,55937.500522761497,22943.282592232445
square64/workers1,context_default,1,1,32,64,64,64,1,0,0,0,3,1024,42533000,41536.1328125,2727.6399999999999,43585.7421875,47499.815538194445,9105.4154509716354,39062.130553627394,55937.500522761497,22943.282592232445
square64/workers1,context_default,1,1,32,64,64,64,1,0,0,0,4,1024,42652000,41652.34375,2690.7799999999997,43585.7421875,47499.815538194445,9105.4154509716354,39062.130553627394,55937.500522761497,22943.282592232445
square64/workers1,context_default,1,1,32,64,64,64,1,0,0,0,5,1024,68963000,67346.6796875,2764.5,43585.7421875,47499.815538194445,9105.4154509716354,39062.130553627394,55937.500522761497,22943.282592232445
square64/workers1,context_default,1,1,32,64,64,64,1,0,0,0,6,1024,42234700,41244.82421875,2469.6200000000003,43585.7421875,47499.815538194445,9105.4154509716354,39062.130553627394,55937.500522761497,22943.282592232445
square64/workers1,context_default,1,1,32,64,64,64,1,0,0,0,7,1024,52614200,51381.0546875,2875.0799999999999,43585.7421875,47499.815538194445,9105.4154509716354,39062.130553627394,55937.500522761497,22943.282592232445
square64/workers1,context_default,1,1,32,64,64,64,1,0,0,0,8,1024,45168300,44109.66796875,2359.04,43585.7421875,47499.815538194445,9105.4154509716354,39062.130553627394,55937.500522761497,22943.282592232445
square64/workers1,context_forced,1,1,32,64,64,64,1,0,0,0,0,512,20989300,40994.7265625,3206.8200000000002,41812.3046875,49084.700520833336,12023.402676596972,37943.014040520138,60226.387001146533,23916.404691725951
square64/workers1,context_forced,1,1,32,64,64,64,1,0,0,0,1,512,36369000,71033.203125,2359.04,41812.3046875,49084.700520833336,12023.402676596972,37943.014040520138,60226.387001146533,23916.404691725951
square64/workers1,context_forced,1,1,32,64,64,64,1,0,0,0,2,512,27470100,53652.5390625,2911.9400000000001,41812.3046875,49084.700520833336,12023.402676596972,37943.014040520138,60226.387001146533,23916.404691725951
square64/workers1,context_forced,1,1,32,64,64,64,1,0,0,0,3,512,34112400,66625.78125,2764.5,41812.3046875,49084.700520833336,12023.402676596972,37943.014040520138,60226.387001146533,23916.404691725951
square64/workers1,context_forced,1,1,32,64,64,64,1,0,0,0,4,512,21080100,41172.0703125,2764.5,41812.3046875,49084.700520833336,12023.402676596972,37943.014040520138,60226.387001146533,23916.404691725951
square64/workers1,context_forced,1,1,32,64,64,64,1,0,0,0,5,512,21169900,41347.4609375,2690.7799999999997,41812.3046875,49084.700520833336,12023.402676596972,37943.014040520138,60226.387001146533,23916.404691725951
square64/workers1,context_forced,1,1,32,64,64,64,1,0,0,0,6,512,20160300,39375.5859375,2580.1999999999998,41812.3046875,49084.700520833336,12023.402676596972,37943.014040520138,60226.387001146533,23916.404691725951
square64/workers1,context_forced,1,1,32,64,64,64,1,0,0,0,7,512,21407900,41812.3046875,2875.0799999999999,41812.3046875,49084.700520833336,12023.402676596972,37943.014040520138,60226.387001146533,23916.404691725951
square64/workers1,context_forced,1,1,32,64,64,64,1,0,0,0,8,512,23423300,45748.6328125,2617.0599999999999,41812.3046875,49084.700520833336,12023.402676596972,37943.014040520138,60226.387001146533,23916.404691725951
nested4,serial,4,4,32,128,128,128,1,1,0,0,0,64,22973300,89739.453125,2617.0599999999999,89678.125,100568.92361111111,26706.361984286763,75821.028172338716,125316.8190498835,11150.991392828519
nested4,serial,4,4,32,128,128,128,1,1,0,0,1,64,28231900,110280.859375,2543.3399999999997,89678.125,100568.92361111111,26706.361984286763,75821.028172338716,125316.8190498835,11150.991392828519
nested4,serial,4,4,32,128,128,128,1,1,0,0,2,64,21822100,85242.578125,2764.5,89678.125,100568.92361111111,26706.361984286763,75821.028172338716,125316.8190498835,11150.991392828519
nested4,serial,4,4,32,128,128,128,1,1,0,0,3,64,41449800,161913.28125,2580.1999999999998,89678.125,100568.92361111111,26706.361984286763,75821.028172338716,125316.8190498835,11150.991392828519
nested4,serial,4,4,32,128,128,128,1,1,0,0,4,64,20235900,79046.484375,2543.3399999999997,89678.125,100568.92361111111,26706.361984286763,75821.028172338716,125316.8190498835,11150.991392828519
nested4,serial,4,4,32,128,128,128,1,1,0,0,5,64,22077000,86238.28125,2875.0799999999999,89678.125,100568.92361111111,26706.361984286763,75821.028172338716,125316.8190498835,11150.991392828519
nested4,serial,4,4,32,128,128,128,1,1,0,0,6,64,30795900,120296.484375,2653.9200000000001,89678.125,100568.92361111111,26706.361984286763,75821.028172338716,125316.8190498835,11150.991392828519
nested4,serial,4,4,32,128,128,128,1,1,0,0,7,64,21167300,82684.765625,2911.9400000000001,89678.125,100568.92361111111,26706.361984286763,75821.028172338716,125316.8190498835,11150.991392828519
nested4,serial,4,4,32,128,128,128,1,1,0,0,8,64,22957600,89678.125,3169.96,89678.125,100568.92361111111,26706.361984286763,75821.028172338716,125316.8190498835,11150.991392828519
nested4,context_default,4,4,32,128,128,128,1,1,0,0,0,64,22234000,86851.5625,2543.3399999999997,86914.453125,91862.326388888891,12639.164674220978,80150.033790777452,103574.61898700033,11505.5662671179
nested4,context_default,4,4,32,128,128,128,1,1,0,0,1,64,21767000,85027.34375,2543.3399999999997,86914.453125,91862.326388888891,12639.164674220978,80150.033790777452,103574.61898700033,11505.5662671179
nested4,context_default,4,4,32,128,128,128,1,1,0,0,2,64,22473200,87785.9375,2653.9200000000001,86914.453125,91862.326388888891,12639.164674220978,80150.033790777452,103574.61898700033,11505.5662671179
nested4,context_default,4,4,32,128,128,128,1,1,0,0,3,64,22123200,86418.75,2432.7600000000002,86914.453125,91862.326388888891,12639.164674220978,80150.033790777452,103574.61898700033,11505.5662671179
nested4,context_default,4,4,32,128,128,128,1,1,0,0,4,64,31794800,124198.4375,2690.7799999999997,86914.453125,91862.326388888891,12639.164674220978,80150.033790777452,103574.61898700033,11505.5662671179
nested4,context_default,4,4,32,128,128,128,1,1,0,0,5,64,22606100,88305.078125,2617.0599999999999,86914.453125,91862.326388888891,12639.164674220978,80150.033790777452,103574.61898700033,11505.5662671179
nested4,context_default,4,4,32,128,128,128,1,1,0,0,6,64,22250100,86914.453125,2653.9200000000001,86914.453125,91862.326388888891,12639.164674220978,80150.033790777452,103574.61898700033,11505.5662671179
nested4,context_default,4,4,32,128,128,128,1,1,0,0,7,64,21642800,84542.1875,3169.96,86914.453125,91862.326388888891,12639.164674220978,80150.033790777452,103574.61898700033,11505.5662671179
nested4,context_default,4,4,32,128,128,128,1,1,0,0,8,64,24759600,96717.1875,2875.0799999999999,86914.453125,91862.326388888891,12639.164674220978,80150.033790777452,103574.61898700033,11505.5662671179
nested4,context_forced,4,4,32,128,128,128,1,1,0,0,0,64,21939400,85700.78125,2653.9200000000001,85090.234375,100610.59027777778,30587.844523959753,72265.854352241746,128955.32620331382,11752.229939723915
nested4,context_forced,4,4,32,128,128,128,1,1,0,0,1,64,27347500,106826.171875,2543.3399999999997,85090.234375,100610.59027777778,30587.844523959753,72265.854352241746,128955.32620331382,11752.229939723915
nested4,context_forced,4,4,32,128,128,128,1,1,0,0,2,64,21646800,84557.8125,2727.6399999999999,85090.234375,100610.59027777778,30587.844523959753,72265.854352241746,128955.32620331382,11752.229939723915
nested4,context_forced,4,4,32,128,128,128,1,1,0,0,3,64,42945300,167755.078125,2653.9200000000001,85090.234375,100610.59027777778,30587.844523959753,72265.854352241746,128955.32620331382,11752.229939723915
nested4,context_forced,4,4,32,128,128,128,1,1,0,0,4,64,21783100,85090.234375,2617.0599999999999,85090.234375,100610.59027777778,30587.844523959753,72265.854352241746,128955.32620331382,11752.229939723915
nested4,context_forced,4,4,32,128,128,128,1,1,0,0,5,64,21782700,85088.671875,2764.5,85090.234375,100610.59027777778,30587.844523959753,72265.854352241746,128955.32620331382,11752.229939723915
nested4,context_forced,4,4,32,128,128,128,1,1,0,0,6,64,19919000,77808.59375,2506.48,85090.234375,100610.59027777778,30587.844523959753,72265.854352241746,128955.32620331382,11752.229939723915
nested4,context_forced,4,4,32,128,128,128,1,1,0,0,7,64,20471000,79964.84375,2580.1999999999998,85090.234375,100610.59027777778,30587.844523959753,72265.854352241746,128955.32620331382,11752.229939723915
nested4,context_forced,4,4,32,128,128,128,1,1,0,0,8,64,33972000,132703.125,3022.52,85090.234375,100610.59027777778,30587.844523959753,72265.854352241746,128955.32620331382,11752.229939723915
square32/workers2,serial,2,1,32,32,32,32,1,0,0,0,0,8192,42442900,5181.01806640625,2801.3600000000001,5164.17236328125,5311.5302191840274,470.35809510988599,4875.6650510488662,5747.3953873191886,193641.8712725949
square32/workers2,serial,2,1,32,32,32,32,1,0,0,0,1,8192,41713300,5091.95556640625,2543.3399999999997,5164.17236328125,5311.5302191840274,470.35809510988599,4875.6650510488662,5747.3953873191886,193641.8712725949
square32/workers2,serial,2,1,32,32,32,32,1,0,0,0,2,8192,53713800,6556.8603515625,2617.0599999999999,5164.17236328125,5311.5302191840274,470.35809510988599,4875.6650510488662,5747.3953873191886,193641.8712725949
square32/workers2,serial,2,1,32,32,32,32,1,0,0,0,3,8192,43242400,5278.61328125,2838.2200000000003,5164.17236328125,5311.5302191840274,470.35809510988599,4875.6650510488662,5747.3953873191886,193641.8712725949
square32/workers2,serial,2,1,32,32,32,32,1,0,0,0,4,8192,41881500,5112.48779296875,2838.2200000000003,5164.17236328125,5311.5302191840274,470.35809510988599,4875.6650510488662,5747.3953873191886,193641.8712725949
square32/workers2,serial,2,1,32,32,32,32,1,0,0,0,5,8192,42304900,5164.17236328125,2617.0599999999999,5164.17236328125,5311.5302191840274,470.35809510988599,4875.6650510488662,5747.3953873191886,193641.8712725949
square32/workers2,serial,2,1,32,32,32,32,1,0,0,0,6,8192,42325200,5166.650390625,2432.7600000000002,5164.17236328125,5311.5302191840274,470.35809510988599,4875.6650510488662,5747.3953873191886,193641.8712725949
square32/workers2,serial,2,1,32,32,32,32,1,0,0,0,7,8192,41763700,5098.10791015625,2432.7600000000002,5164.17236328125,5311.5302191840274,470.35809510988599,4875.6650510488662,5747.3953873191886,193641.8712725949
square32/workers2,serial,2,1,32,32,32,32,1,0,0,0,8,8192,42220800,5153.90625,2875.0799999999999,5164.17236328125,5311.5302191840274,470.35809510988599,4875.6650510488662,5747.3953873191886,193641.8712725949
square32/workers2,context_default,2,1,32,32,32,32,1,0,0,0,0,8192,44483000,5430.0537109375,2506.48,5225.08544921875,5382.50732421875,423.57330854083011,4989.9960583042475,5775.0185901332525,191384.42992344155
square32/workers2,context_default,2,1,32,32,32,32,1,0,0,0,1,8192,43655700,5329.06494140625,2727.6399999999999,5225.08544921875,5382.50732421875,423.57330854083011,4989.9960583042475,5775.0185901332525,191384.42992344155
square32/workers2,context_default,2,1,32,32,32,32,1,0,0,0,2,8192,53055000,6476.4404296875,2727.6399999999999,5225.08544921875,5382.50732421875,423.57330854083011,4989.9960583042475,5775.0185901332525,191384.42992344155
square32/workers2,context_default,2,1,32,32,32,32,1,0,0,0,3,8192,41894500,5114.07470703125,2801.3600000000001,5225.08544921875,5382.50732421875,423.57330854083011,4989.9960583042475,5775.0185901332525,191384.42992344155
square32/workers2,context_default,2,1,32,32,32,32,1,0,0,0,4,8192,42049200,5132.958984375,2580.1999999999998,5225.08544921875,5382.50732421875,423.57330854083011,4989.9960583042475,5775.0185901332525,191384.42992344155
square32/workers2,context_default,2,1,32,32,32,32,1,0,0,0,5,8192,42803900,5225.08544921875,2580.1999999999998,5225.08544921875,5382.50732421875,423.57330854083011,4989.9960583042475,5775.0185901332525,191384.42992344155
square32/workers2,context_default,2,1,32,32,32,32,1,0,0,0,6,8192,42576700,5197.35107421875,2432.7600000000002,5225.08544921875,5382.50732421875,423.57330854083011,4989.9960583042475,5775.0185901332525,191384.42992344155
square32/workers2,context_default,2,1,32,32,32,32,1,0,0,0,7,8192,42470500,5184.38720703125,2432.7600000000002,5225.08544921875,5382.50732421875,423.57330854083011,4989.9960583042475,5775.0185901332525,191384.42992344155
square32/workers2,context_default,2,1,32,32,32,32,1,0,0,0,8,8192,43853000,5353.1494140625,2469.6200000000003,5225.08544921875,5382.50732421875,423.57330854083011,4989.9960583042475,5775.0185901332525,191384.42992344155
square32/workers2,context_forced,2,1,32,32,32,32,1,0,0,0,0,4096,20877200,5096.97265625,2801.3600000000001,5120.2880859375,5518.2590060763887,778.06806877371366,4797.2492623460803,6239.2687498066971,195301.51101193455
square32/workers2,context_forced,2,1,32,32,32,32,1,0,0,0,1,4096,22109900,5397.9248046875,2653.9200000000001,5120.2880859375,5518.2590060763887,778.06806877371366,4797.2492623460803,6239.2687498066971,195301.51101193455
square32/workers2,context_forced,2,1,32,32,32,32,1,0,0,0,2,4096,24833300,6062.8173828125,2617.0599999999999,5120.2880859375,5518.2590060763887,778.06806877371366,4797.2492623460803,6239.2687498066971,195301.51101193455
square32/workers2,context_forced,2,1,32,32,32,32,1,0,0,0,3,4096,20972700,5120.2880859375,2948.8000000000002,5120.2880859375,5518.2590060763887,778.06806877371366,4797.2492623460803,6239.2687498066971,195301.51101193455
square32/workers2,context_forced,2,1,32,32,32,32,1,0,0,0,4,4096,21407200,5226.3671875,2580.1999999999998,5120.2880859375,5518.2590060763887,778.06806877371366,4797.2492623460803,6239.2687498066971,195301.51101193455
square32/workers2,context_forced,2,1,32,32,32,32,1,0,0,0,5,4096,20925200,5108.69140625,2580.1999999999998,5120.2880859375,5518.2590060763887,778.06806877371366,4797.2492623460803,6239.2687498066971,195301.51101193455
square32/workers2,context_forced,2,1,32,32,32,32,1,0,0,0,6,4096,20955500,5116.0888671875,2432.7600000000002,5120.2880859375,5518.2590060763887,778.06806877371366,4797.2492623460803,6239.2687498066971,195301.51101193455
square32/workers2,context_forced,2,1,32,32,32,32,1,0,0,0,7,4096,30394500,7420.5322265625,2395.9000000000001,5120.2880859375,5518.2590060763887,778.06806877371366,4797.2492623460803,6239.2687498066971,195301.51101193455
square32/workers2,context_forced,2,1,32,32,32,32,1,0,0,0,8,4096,20949600,5114.6484375,2580.1999999999998,5120.2880859375,5518.2590060763887,778.06806877371366,4797.2492623460803,6239.2687498066971,195301.51101193455
square128/workers1,serial,1,1,32,128,128,128,1,0,0,0,0,128,64007200,500056.25,2469.6200000000003,354454.6875,369525.08680555556,59782.778513191151,314126.37871666509,424923.79489444604,2821.2350838215393
square128/workers1,serial,1,1,32,128,128,128,1,0,0,0,1,128,45370200,354454.6875,2653.9200000000001,354454.6875,369525.08680555556,59782.778513191151,314126.37871666509,424923.79489444604,2821.2350838215393
square128/workers1,serial,1,1,32,128,128,128,1,0,0,0,2,128,42967700,335685.15625,2506.48,354454.6875,369525.08680555556,59782.778513191151,314126.37871666509,424923.79489444604,2821.2350838215393
square128/workers1,serial,1,1,32,128,128,128,1,0,0,0,3,128,43462400,339550,2469.6200000000003,354454.6875,369525.08680555556,59782.778513191151,314126.37871666509,424923.79489444604,2821.2350838215393
square128/workers1,serial,1,1,32,128,128,128,1,0,0,0,4,128,55109700,430544.53125,2653.9200000000001,354454.6875,369525.08680555556,59782.778513191151,314126.37871666509,424923.79489444604,2821.2350838215393
square128/workers1,serial,1,1,32,128,128,128,1,0,0,0,5,128,39683900,310030.46875,2580.1999999999998,354454.6875,369525.08680555556,59782.778513191151,314126.37871666509,424923.79489444604,2821.2350838215393
square128/workers1,serial,1,1,32,128,128,128,1,0,0,0,6,128,41672100,325563.28125,2580.1999999999998,354454.6875,369525.08680555556,59782.778513191151,314126.37871666509,424923.79489444604,2821.2350838215393
square128/workers1,serial,1,1,32,128,128,128,1,0,0,0,7,128,46104900,360194.53125,2764.5,354454.6875,369525.08680555556,59782.778513191151,314126.37871666509,424923.79489444604,2821.2350838215393
square128/workers1,serial,1,1,32,128,128,128,1,0,0,0,8,128,47314800,369646.875,2506.48,354454.6875,369525.08680555556,59782.778513191151,314126.37871666509,424923.79489444604,2821.2350838215393
square128/workers1,context_default,1,1,32,128,128,128,1,0,0,0,0,64,19859400,310303.125,2469.6200000000003,337101.5625,387847.39583333331,83854.391471861571,310142.3264027416,465552.46526392503,2966.4650397459964
square128/workers1,context_default,1,1,32,128,128,128,1,0,0,0,1,64,33066400,516662.5,2875.0799999999999,337101.5625,387847.39583333331,83854.391471861571,310142.3264027416,465552.46526392503,2966.4650397459964
square128/workers1,context_default,1,1,32,128,128,128,1,0,0,0,2,64,21528400,336381.25,2543.3399999999997,337101.5625,387847.39583333331,83854.391471861571,310142.3264027416,465552.46526392503,2966.4650397459964
square128/workers1,context_default,1,1,32,128,128,128,1,0,0,0,3,64,21574500,337101.5625,2432.7600000000002,337101.5625,387847.39583333331,83854.391471861571,310142.3264027416,465552.46526392503,2966.4650397459964
square128/workers1,context_default,1,1,32,128,128,128,1,0,0,0,4,64,21511900,336123.4375,2653.9200000000001,337101.5625,387847.39583333331,83854.391471861571,310142.3264027416,465552.46526392503,2966.4650397459964
square128/workers1,context_default,1,1,32,128,128,128,1,0,0,0,5,64,25988600,406071.875,2580.1999999999998,337101.5625,387847.39583333331,83854.391471861571,310142.3264027416,465552.46526392503,2966.4650397459964
square128/workers1,context_default,1,1,32,128,128,128,1,0,0,0,6,64,34366400,536975,2580.1999999999998,337101.5625,387847.39583333331,83854.391471861571,310142.3264027416,465552.46526392503,2966.4650397459964
square128/workers1,context_default,1,1,32,128,128,128,1,0,0,0,7,64,24241800,378778.125,2653.9200000000001,337101.5625,387847.39583333331,83854.391471861571,310142.3264027416,465552.46526392503,2966.4650397459964
square128/workers1,context_default,1,1,32,128,128,128,1,0,0,0,8,64,21262700,332229.6875,2506.48,337101.5625,387847.39583333331,83854.391471861571,310142.3264027416,465552.46526392503,2966.4650397459964
square128/workers1,context_forced,1,1,32,128,128,128,1,0,0,0,0,64,24318300,379973.4375,2469.6200000000003,379973.4375,373637.67361111112,54019.323982742673,323579.76672043628,423695.58050178597,2631.76291105875
square128/workers1,context_forced,1,1,32,128,128,128,1,0,0,0,1,64,26167900,408873.4375,2506.48,379973.4375,373637.67361111112,54019.323982742673,323579.76672043628,423695.58050178597,2631.76291105875
square128/workers1,context_forced,1,1,32,128,128,128,1,0,0,0,2,64,21539800,336559.375,2506.48,379973.4375,373637.67361111112,54019.323982742673,323579.76672043628,423695.58050178597,2631.76291105875
square128/workers1,context_forced,1,1,32,128,128,128,1,0,0,0,3,64,21400700,334385.9375,2469.6200000000003,379973.4375,373637.67361111112,54019.323982742673,323579.76672043628,423695.58050178597,2631.76291105875
square128/workers1,context_forced,1,1,32,128,128,128,1,0,0,0,4,64,27133700,423964.0625,2506.48,379973.4375,373637.67361111112,54019.323982742673,323579.76672043628,423695.58050178597,2631.76291105875
square128/workers1,context_forced,1,1,32,128,128,128,1,0,0,0,5,64,19715400,308053.125,2838.2200000000003,379973.4375,373637.67361111112,54019.323982742673,323579.76672043628,423695.58050178597,2631.76291105875
square128/workers1,context_forced,1,1,32,128,128,128,1,0,0,0,6,64,19715600,308056.25,2727.6399999999999,379973.4375,373637.67361111112,54019.323982742673,323579.76672043628,423695.58050178597,2631.76291105875
square128/workers1,context_forced,1,1,32,128,128,128,1,0,0,0,7,64,29263000,457234.375,2617.0599999999999,379973.4375,373637.67361111112,54019.323982742673,323579.76672043628,423695.58050178597,2631.76291105875
square128/workers1,context_forced,1,1,32,128,128,128,1,0,0,0,8,64,25960900,405639.0625,2727.6399999999999,379973.4375,373637.67361111112,54019.323982742673,323579.76672043628,423695.58050178597,2631.76291105875
spin2000_square32,serial,4,1,1,32,32,32,1,0,0,2000,0,4096,20892700,5100.7568359375,3096.2399999999998,4962.548828125,4543.0528428819443,747.81166483420679,3850.0807001355793,5236.024985628309,201509.3522773115
spin2000_square32,serial,4,1,1,32,32,32,1,0,0,2000,1,4096,21954500,5359.9853515625,2690.7799999999997,4962.548828125,4543.0528428819443,747.81166483420679,3850.0807001355793,5236.024985628309,201509.3522773115
spin2000_square32,serial,4,1,1,32,32,32,1,0,0,2000,2,4096,20326600,4962.548828125,2948.8000000000002,4962.548828125,4543.0528428819443,747.81166483420679,3850.0807001355793,5236.024985628309,201509.3522773115
spin2000_square32,serial,4,1,1,32,32,32,1,0,0,2000,3,4096,20930200,5109.912109375,2875.0799999999999,4962.548828125,4543.0528428819443,747.81166483420679,3850.0807001355793,5236.024985628309,201509.3522773115
spin2000_square32,serial,4,1,1,32,32,32,1,0,0,2000,4,4096,20915600,5106.34765625,2875.0799999999999,4962.548828125,4543.0528428819443,747.81166483420679,3850.0807001355793,5236.024985628309,201509.3522773115
spin2000_square32,serial,4,1,1,32,32,32,1,0,0,2000,5,4096,18226600,4449.853515625,2985.6600000000003,4962.548828125,4543.0528428819443,747.81166483420679,3850.0807001355793,5236.024985628309,201509.3522773115
spin2000_square32,serial,4,1,1,32,32,32,1,0,0,2000,6,4096,14683700,3584.8876953125,2875.0799999999999,4962.548828125,4543.0528428819443,747.81166483420679,3850.0807001355793,5236.024985628309,201509.3522773115
spin2000_square32,serial,4,1,1,32,32,32,1,0,0,2000,7,4096,14797400,3612.646484375,2838.2200000000003,4962.548828125,4543.0528428819443,747.81166483420679,3850.0807001355793,5236.024985628309,201509.3522773115
spin2000_square32,serial,4,1,1,32,32,32,1,0,0,2000,8,4096,14747800,3600.537109375,3243.6799999999998,4962.548828125,4543.0528428819443,747.81166483420679,3850.0807001355793,5236.024985628309,201509.3522773115
spin2000_square32,context_default,4,1,1,32,32,32,1,0,0,2000,0,4096,30603100,7471.4599609375,3169.96,5122.8271484375,5395.353190104167,1359.9240173254595,4135.1569340492415,6655.5494461590924,195204.7123637594
spin2000_square32,context_default,4,1,1,32,32,32,1,0,0,2000,1,4096,22074000,5389.16015625,2690.7799999999997,5122.8271484375,5395.353190104167,1359.9240173254595,4135.1569340492415,6655.5494461590924,195204.7123637594
spin2000_square32,context_default,4,1,1,32,32,32,1,0,0,2000,2,4096,20954500,5115.8447265625,2838.2200000000003,5122.8271484375,5395.353190104167,1359.9240173254595,4135.1569340492415,6655.5494461590924,195204.7123637594
spin2000_square32,context_default,4,1,1,32,32,32,1,0,0,2000,3,4096,20944600,5113.427734375,2875.0799999999999,5122.8271484375,5395.353190104167,1359.9240173254595,4135.1569340492415,6655.5494461590924,195204.7123637594
spin2000_square32,context_default,4,1,1,32,32,32,1,0,0,2000,4,4096,20983100,5122.8271484375,2801.3600000000001,5122.8271484375,5395.353190104167,1359.9240173254595,4135.1569340492415,6655.5494461590924,195204.7123637594
spin2000_square32,context_default,4,1,1,32,32,32,1,0,0,2000,5,4096,23768400,5802.83203125,3059.3799999999997,5122.8271484375,5395.353190104167,1359.9240173254595,4135.1569340492415,6655.5494461590924,195204.7123637594
spin2000_square32,context_default,4,1,1,32,32,32,1,0,0,2000,6,4096,14818700,3617.8466796875,2875.0799999999999,5122.8271484375,5395.353190104167,1359.9240173254595,4135.1569340492415,6655.5494461590924,195204.7123637594
spin2000_square32,context_default,4,1,1,32,32,32,1,0,0,2000,7,4096,14755800,3602.490234375,3243.6799999999998,5122.8271484375,5395.353190104167,1359.9240173254595,4135.1569340492415,6655.5494461590924,195204.7123637594
spin2000_square32,context_default,4,1,1,32,32,32,1,0,0,2000,8,4096,29992100,7322.2900390625,3059.3799999999997,5122.8271484375,5395.353190104167,1359.9240173254595,4135.1569340492415,6655.5494461590924,195204.7123637594
spin2000_square32,context_forced,4,1,1,32,32,32,1,0,0,2000,0,1024,29816500,29117.67578125,3169.96,31115.0390625,30901.931423611109,2391.2991707716042,28685.994192029422,33117.868655192797,32138.799440081853
spin2000_square32,context_forced,4,1,1,32,32,32,1,0,0,2000,1,1024,32446500,31686.03515625,2801.3600000000001,31115.0390625,30901.931423611109,2391.2991707716042,28685.994192029422,33117.868655192797,32138.799440081853
spin2000_square32,context_forced,4,1,1,32,32,32,1,0,0,2000,2,1024,28053000,27395.5078125,2911.9400000000001,31115.0390625,30901.931423611109,2391.2991707716042,28685.994192029422,33117.868655192797,32138.799440081853
spin2000_square32,context_forced,4,1,1,32,32,32,1,0,0,2000,3,1024,30583300,29866.50390625,2875.0799999999999,31115.0390625,30901.931423611109,2391.2991707716042,28685.994192029422,33117.868655192797,32138.799440081853
spin2000_square32,context_forced,4,1,1,32,32,32,1,0,0,2000,4,1024,28962400,28283.59375,2875.0799999999999,31115.0390625,30901.931423611109,2391.2991707716042,28685.994192029422,33117.868655192797,32138.799440081853
spin2000_square32,context_forced,4,1,1,32,32,32,1,0,0,2000,5,1024,33810200,33017.7734375,3206.8200000000002,31115.0390625,30901.931423611109,2391.2991707716042,28685.994192029422,33117.868655192797,32138.799440081853
spin2000_square32,context_forced,4,1,1,32,32,32,1,0,0,2000,6,1024,31861800,31115.0390625,3096.2399999999998,31115.0390625,30901.931423611109,2391.2991707716042,28685.994192029422,33117.868655192797,32138.799440081853
spin2000_square32,context_forced,4,1,1,32,32,32,1,0,0,2000,7,1024,34953500,34134.27734375,2911.9400000000001,31115.0390625,30901.931423611109,2391.2991707716042,28685.994192029422,33117.868655192797,32138.799440081853
spin2000_square32,context_forced,4,1,1,32,32,32,1,0,0,2000,8,1024,34305000,33500.9765625,3096.2399999999998,31115.0390625,30901.931423611109,2391.2991707716042,28685.994192029422,33117.868655192797,32138.799440081853
square16/workers2,serial,2,1,32,16,16,16,1,0,0,0,0,32768,50478600,1540.484619140625,2432.7600000000002,970.3399658203125,1068.3553059895833,191.40775726780748,890.98411758808163,1245.7264943910848,1030566.6418208523
square16/workers2,serial,2,1,32,16,16,16,1,0,0,0,1,32768,38042000,1160.94970703125,2727.6399999999999,970.3399658203125,1068.3553059895833,191.40775726780748,890.98411758808163,1245.7264943910848,1030566.6418208523
square16/workers2,serial,2,1,32,16,16,16,1,0,0,0,2,32768,31796100,970.3399658203125,2580.1999999999998,970.3399658203125,1068.3553059895833,191.40775726780748,890.98411758808163,1245.7264943910848,1030566.6418208523
square16/workers2,serial,2,1,32,16,16,16,1,0,0,0,3,32768,31608000,964.599609375,2432.7600000000002,970.3399658203125,1068.3553059895833,191.40775726780748,890.98411758808163,1245.7264943910848,1030566.6418208523
square16/workers2,serial,2,1,32,16,16,16,1,0,0,0,4,32768,31505400,961.468505859375,2432.7600000000002,970.3399658203125,1068.3553059895833,191.40775726780748,890.98411758808163,1245.7264943910848,1030566.6418208523
square16/workers2,serial,2,1,32,16,16,16,1,0,0,0,5,32768,32001200,976.59912109375,2432.7600000000002,970.3399658203125,1068.3553059895833,191.40775726780748,890.98411758808163,1245.7264943910848,1030566.6418208523
square16/workers2,serial,2,1,32,16,16,16,1,0,0,0,6,32768,36191600,1104.47998046875,2653.9200000000001,970.3399658203125,1068.3553059895833,191.40775726780748,890.98411758808163,1245.7264943910848,1030566.6418208523
square16/workers2,serial,2,1,32,16,16,16,1,0,0,0,7,32768,31787100,970.0653076171875,2543.3399999999997,970.3399658203125,1068.3553059895833,191.40775726780748,890.98411758808163,1245.7264943910848,1030566.6418208523
square16/workers2,serial,2,1,32,16,16,16,1,0,0,0,8,32768,31660800,966.2109375,2395.9000000000001,970.3399658203125,1068.3553059895833,191.40775726780748,890.98411758808163,1245.7264943910848,1030566.6418208523
square16/workers2,context_default,2,1,32,16,16,16,1,0,0,0,0,32768,32199800,982.659912109375,2764.5,978.6834716796875,999.52358669704859,48.003903209354107,955.03996972304708,1044.0072036710501,1021780.8197820359
square16/workers2,context_default,2,1,32,16,16,16,1,0,0,0,1,32768,31953700,975.1495361328125,2543.3399999999997,978.6834716796875,999.52358669704859,48.003903209354107,955.03996972304708,1044.0072036710501,1021780.8197820359
square16/workers2,context_default,2,1,32,16,16,16,1,0,0,0,2,32768,36680100,1119.3878173828125,2617.0599999999999,978.6834716796875,999.52358669704859,48.003903209354107,955.03996972304708,1044.0072036710501,1021780.8197820359
square16/workers2,context_default,2,1,32,16,16,16,1,0,0,0,3,32768,31978300,975.9002685546875,2395.9000000000001,978.6834716796875,999.52358669704859,48.003903209354107,955.03996972304708,1044.0072036710501,1021780.8197820359
square16/workers2,context_default,2,1,32,16,16,16,1,0,0,0,4,32768,32179000,982.025146484375,2432.7600000000002,978.6834716796875,999.52358669704859,48.003903209354107,955.03996972304708,1044.0072036710501,1021780.8197820359
square16/workers2,context_default,2,1,32,16,16,16,1,0,0,0,5,32768,33704100,1028.5675048828125,2469.6200000000003,978.6834716796875,999.52358669704859,48.003903209354107,955.03996972304708,1044.0072036710501,1021780.8197820359
square16/workers2,context_default,2,1,32,16,16,16,1,0,0,0,6,32768,32038900,977.7496337890625,2506.48,978.6834716796875,999.52358669704859,48.003903209354107,955.03996972304708,1044.0072036710501,1021780.8197820359
square16/workers2,context_default,2,1,32,16,16,16,1,0,0,0,7,32768,32069500,978.6834716796875,2727.6399999999999,978.6834716796875,999.52358669704859,48.003903209354107,955.03996972304708,1044.0072036710501,1021780.8197820359
square16/workers2,context_default,2,1,32,16,16,16,1,0,0,0,8,32768,31968100,975.5889892578125,2580.1999999999998,978.6834716796875,999.52358669704859,48.003903209354107,955.03996972304708,1044.0072036710501,1021780.8197820359
square16/workers2,context_forced,2,1,32,16,16,16,1,0,0,0,0,32768,37176500,1134.5367431640625,2727.6399999999999,974.8992919921875,992.97620985243054,53.178529713482547,943.69743898460342,1042.2549807202577,1025746.9753173373
square16/workers2,context_forced,2,1,32,16,16,16,1,0,0,0,1,32768,31923700,974.2340087890625,2727.6399999999999,974.8992919921875,992.97620985243054,53.178529713482547,943.69743898460342,1042.2549807202577,1025746.9753173373
square16/workers2,context_forced,2,1,32,16,16,16,1,0,0,0,2,32768,32013500,976.9744873046875,2653.9200000000001,974.8992919921875,992.97620985243054,53.178529713482547,943.69743898460342,1042.2549807202577,1025746.9753173373
square16/workers2,context_forced,2,1,32,16,16,16,1,0,0,0,3,32768,31892500,973.2818603515625,2359.04,974.8992919921875,992.97620985243054,53.178529713482547,943.69743898460342,1042.2549807202577,1025746.9753173373
square16/workers2,context_forced,2,1,32,16,16,16,1,0,0,0,4,32768,31871300,972.6348876953125,2285.3200000000002,974.8992919921875,992.97620985243054,53.178529713482547,943.69743898460342,1042.2549807202577,1025746.9753173373
square16/workers2,context_forced,2,1,32,16,16,16,1,0,0,0,5,32768,31849700,971.9757080078125,2432.7600000000002,974.8992919921875,992.97620985243054,53.178529713482547,943.69743898460342,1042.2549807202577,1025746.9753173373
square16/workers2,context_forced,2,1,32,16,16,16,1,0,0,0,6,32768,32196900,982.5714111328125,2506.48,974.8992919921875,992.97620985243054,53.178529713482547,943.69743898460342,1042.2549807202577,1025746.9753173373
square16/workers2,context_forced,2,1,32,16,16,16,1,0,0,0,7,32768,31971000,975.677490234375,2543.3399999999997,974.8992919921875,992.97620985243054,53.178529713482547,943.69743898460342,1042.2549807202577,1025746.9753173373
square16/workers2,context_forced,2,1,32,16,16,16,1,0,0,0,8,32768,31945500,974.8992919921875,2506.48,974.8992919921875,992.97620985243054,53.178529713482547,943.69743898460342,1042.2549807202577,1025746.9753173373
square128/workers4,serial,4,1,32,128,128,128,1,0,0,0,0,128,40490600,316332.8125,3354.2600000000002,309997.65625,321913.02083333331,25082.038319088708,298670.33199097775,345155.70967568888,3225.830840454943
square128/workers4,serial,4,1,32,128,128,128,1,0,0,0,1,128,44811300,350088.28125,2985.6600000000003,309997.65625,321913.02083333331,25082.038319088708,298670.33199097775,345155.70967568888,3225.830840454943
square128/workers4,serial,4,1,32,128,128,128,1,0,0,0,2,128,39518300,308736.71875,3538.5599999999999,309997.65625,321913.02083333331,25082.038319088708,298670.33199097775,345155.70967568888,3225.830840454943
square128/workers4,serial,4,1,32,128,128,128,1,0,0,0,3,128,45780500,357660.15625,2801.3600000000001,309997.65625,321913.02083333331,25082.038319088708,298670.33199097775,345155.70967568888,3225.830840454943
square128/workers4,serial,4,1,32,128,128,128,1,0,0,0,4,128,36568600,285692.1875,3612.2799999999997,309997.65625,321913.02083333331,25082.038319088708,298670.33199097775,345155.70967568888,3225.830840454943
square128/workers4,serial,4,1,32,128,128,128,1,0,0,0,5,128,39679700,309997.65625,3169.96,309997.65625,321913.02083333331,25082.038319088708,298670.33199097775,345155.70967568888,3225.830840454943
square128/workers4,serial,4,1,32,128,128,128,1,0,0,0,6,128,39522000,308765.625,2801.3600000000001,309997.65625,321913.02083333331,25082.038319088708,298670.33199097775,345155.70967568888,3225.830840454943
square128/workers4,serial,4,1,32,128,128,128,1,0,0,0,7,128,45098200,352329.6875,3022.52,309997.65625,321913.02083333331,25082.038319088708,298670.33199097775,345155.70967568888,3225.830840454943
square128/workers4,serial,4,1,32,128,128,128,1,0,0,0,8,128,39374600,307614.0625,3059.3799999999997,309997.65625,321913.02083333331,25082.038319088708,298670.33199097775,345155.70967568888,3225.830840454943
square128/workers4,context_default,4,1,32,128,128,128,1,0,0,0,0,256,27397000,107019.53125,3022.52,112290.625,115554.94791666667,8211.1799041362392,107945.92120550043,123163.97462783291,8905.462944925277
square128/workers4,context_default,4,1,32,128,128,128,1,0,0,0,1,256,29113300,113723.828125,3575.4200000000001,112290.625,115554.94791666667,8211.1799041362392,107945.92120550043,123163.97462783291,8905.462944925277
square128/workers4,context_default,4,1,32,128,128,128,1,0,0,0,2,256,28283200,110481.25,3612.2799999999997,112290.625,115554.94791666667,8211.1799041362392,107945.92120550043,123163.97462783291,8905.462944925277
square128/workers4,context_default,4,1,32,128,128,128,1,0,0,0,3,256,28746400,112290.625,2948.8000000000002,112290.625,115554.94791666667,8211.1799041362392,107945.92120550043,123163.97462783291,8905.462944925277
square128/workers4,context_default,4,1,32,128,128,128,1,0,0,0,4,256,28327300,110653.515625,3206.8200000000002,112290.625,115554.94791666667,8211.1799041362392,107945.92120550043,123163.97462783291,8905.462944925277
square128/workers4,context_default,4,1,32,128,128,128,1,0,0,0,5,256,32141900,125554.296875,3096.2399999999998,112290.625,115554.94791666667,8211.1799041362392,107945.92120550043,123163.97462783291,8905.462944925277
square128/workers4,context_default,4,1,32,128,128,128,1,0,0,0,6,256,33934200,132555.46875,3317.4000000000001,112290.625,115554.94791666667,8211.1799041362392,107945.92120550043,123163.97462783291,8905.462944925277
square128/workers4,context_default,4,1,32,128,128,128,1,0,0,0,7,256,29659500,115857.421875,3133.0999999999999,112290.625,115554.94791666667,8211.1799041362392,107945.92120550043,123163.97462783291,8905.462944925277
square128/workers4,context_default,4,1,32,128,128,128,1,0,0,0,8,256,28635800,111858.59375,2985.6600000000003,112290.625,115554.94791666667,8211.1799041362392,107945.92120550043,123163.97462783291,8905.462944925277
square128/workers4,context_forced,4,1,32,128,128,128,1,0,0,0,0,256,29638100,115773.828125,3022.52,115773.828125,120778.81944444444,15471.577173404519,106441.82459708958,135115.8142917993,8637.5307458980169
square128/workers4,context_forced,4,1,32,128,128,128,1,0,0,0,1,256,40598400,158587.5,2690.7799999999997,115773.828125,120778.81944444444,15471.577173404519,106441.82459708958,135115.8142917993,8637.5307458980169
square128/workers4,context_forced,4,1,32,128,128,128,1,0,0,0,2,256,28118700,109838.671875,3612.2799999999997,115773.828125,120778.81944444444,15471.577173404519,106441.82459708958,135115.8142917993,8637.5307458980169
square128/workers4,context_forced,4,1,32,128,128,128,1,0,0,0,3,256,29269900,114335.546875,3022.52,115773.828125,120778.81944444444,15471.577173404519,106441.82459708958,135115.8142917993,8637.5307458980169
square128/workers4,context_forced,4,1,32,128,128,128,1,0,0,0,4,256,29920200,116875.78125,2764.5,115773.828125,120778.81944444444,15471.577173404519,106441.82459708958,135115.8142917993,8637.5307458980169
square128/workers4,context_forced,4,1,32,128,128,128,1,0,0,0,5,256,29467200,115106.25,3096.2399999999998,115773.828125,120778.81944444444,15471.577173404519,106441.82459708958,135115.8142917993,8637.5307458980169
square128/workers4,context_forced,4,1,32,128,128,128,1,0,0,0,6,256,31929500,124724.609375,3169.96,115773.828125,120778.81944444444,15471.577173404519,106441.82459708958,135115.8142917993,8637.5307458980169
square128/workers4,context_forced,4,1,32,128,128,128,1,0,0,0,7,256,32150200,125586.71875,2838.2200000000003,115773.828125,120778.81944444444,15471.577173404519,106441.82459708958,135115.8142917993,8637.5307458980169
square128/workers4,context_forced,4,1,32,128,128,128,1,0,0,0,8,256,27182200,106180.46875,2506.48,115773.828125,120778.81944444444,15471.577173404519,106441.82459708958,135115.8142917993,8637.5307458980169
spin2000_square64,serial,4,1,32,64,64,64,1,0,0,2000,0,512,19940400,38946.09375,2875.0799999999999,39030.859375,45418.294270833336,11602.144584464397,34666.973622562997,56169.614919103675,25620.752809775917
spin2000_square64,serial,4,1,32,64,64,64,1,0,0,2000,1,512,24067300,47006.4453125,2911.9400000000001,39030.859375,45418.294270833336,11602.144584464397,34666.973622562997,56169.614919103675,25620.752809775917
spin2000_square64,serial,4,1,32,64,64,64,1,0,0,2000,2,512,20018500,39098.6328125,2948.8000000000002,39030.859375,45418.294270833336,11602.144584464397,34666.973622562997,56169.614919103675,25620.752809775917
spin2000_square64,serial,4,1,32,64,64,64,1,0,0,2000,3,512,19963300,38990.8203125,2985.6600000000003,39030.859375,45418.294270833336,11602.144584464397,34666.973622562997,56169.614919103675,25620.752809775917
spin2000_square64,serial,4,1,32,64,64,64,1,0,0,2000,4,512,19983800,39030.859375,2948.8000000000002,39030.859375,45418.294270833336,11602.144584464397,34666.973622562997,56169.614919103675,25620.752809775917
spin2000_square64,serial,4,1,32,64,64,64,1,0,0,2000,5,512,33471200,65373.4375,3391.1200000000003,39030.859375,45418.294270833336,11602.144584464397,34666.973622562997,56169.614919103675,25620.752809775917
spin2000_square64,serial,4,1,32,64,64,64,1,0,0,2000,6,512,19972000,39007.8125,2948.8000000000002,39030.859375,45418.294270833336,11602.144584464397,34666.973622562997,56169.614919103675,25620.752809775917
spin2000_square64,serial,4,1,32,64,64,64,1,0,0,2000,7,512,33322000,65082.03125,3391.1200000000003,39030.859375,45418.294270833336,11602.144584464397,34666.973622562997,56169.614919103675,25620.752809775917
spin2000_square64,serial,4,1,32,64,64,64,1,0,0,2000,8,512,18549000,36228.515625,3206.8200000000002,39030.859375,45418.294270833336,11602.144584464397,34666.973622562997,56169.614919103675,25620.752809775917
spin2000_square64,context_default,4,1,32,64,64,64,1,0,0,2000,0,512,19309300,37713.4765625,2911.9400000000001,38971.09375,41625.802951388891,8115.3888181497896,34105.542646570088,49146.063256207693,25660.044504139685
spin2000_square64,context_default,4,1,32,64,64,64,1,0,0,2000,1,512,19958100,38980.6640625,2985.6600000000003,38971.09375,41625.802951388891,8115.3888181497896,34105.542646570088,49146.063256207693,25660.044504139685
spin2000_square64,context_default,4,1,32,64,64,64,1,0,0,2000,2,512,19959900,38984.1796875,2764.5,38971.09375,41625.802951388891,8115.3888181497896,34105.542646570088,49146.063256207693,25660.044504139685
spin2000_square64,context_default,4,1,32,64,64,64,1,0,0,2000,3,512,19927300,38920.5078125,2948.8000000000002,38971.09375,41625.802951388891,8115.3888181497896,34105.542646570088,49146.063256207693,25660.044504139685
spin2000_square64,context_default,4,1,32,64,64,64,1,0,0,2000,4,512,20585300,40205.6640625,3133.0999999999999,38971.09375,41625.802951388891,8115.3888181497896,34105.542646570088,49146.063256207693,25660.044504139685
spin2000_square64,context_default,4,1,32,64,64,64,1,0,0,2000,5,512,19953200,38971.09375,2838.2200000000003,38971.09375,41625.802951388891,8115.3888181497896,34105.542646570088,49146.063256207693,25660.044504139685
spin2000_square64,context_default,4,1,32,64,64,64,1,0,0,2000,6,512,19883300,38834.5703125,2838.2200000000003,38971.09375,41625.802951388891,8115.3888181497896,34105.542646570088,49146.063256207693,25660.044504139685
spin2000_square64,context_default,4,1,32,64,64,64,1,0,0,2000,7,512,19875700,38819.7265625,3391.1200000000003,38971.09375,41625.802951388891,8115.3888181497896,34105.542646570088,49146.063256207693,25660.044504139685
spin2000_square64,context_default,4,1,32,64,64,64,1,0,0,2000,8,512,32359600,63202.34375,3317.4000000000001,38971.09375,41625.802951388891,8115.3888181497896,34105.542646570088,49146.063256207693,25660.044504139685
spin2000_square64,context_forced,4,1,32,64,64,64,1,0,0,2000,0,1024,35657000,34821.2890625,2911.9400000000001,36211.9140625,36756.510416666664,3766.843174530472,33265.902408268426,40247.118425064902,27615.220732989939
spin2000_square64,context_forced,4,1,32,64,64,64,1,0,0,2000,1,1024,34682600,33869.7265625,2948.8000000000002,36211.9140625,36756.510416666664,3766.843174530472,33265.902408268426,40247.118425064902,27615.220732989939
spin2000_square64,context_forced,4,1,32,64,64,64,1,0,0,2000,2,1024,39713000,38782.2265625,2764.5,36211.9140625,36756.510416666664,3766.843174530472,33265.902408268426,40247.118425064902,27615.220732989939
spin2000_square64,context_forced,4,1,32,64,64,64,1,0,0,2000,3,1024,34234400,33432.03125,2764.5,36211.9140625,36756.510416666664,3766.843174530472,33265.902408268426,40247.118425064902,27615.220732989939
spin2000_square64,context_forced,4,1,32,64,64,64,1,0,0,2000,4,1024,39654000,38724.609375,3169.96,36211.9140625,36756.510416666664,3766.843174530472,33265.902408268426,40247.118425064902,27615.220732989939
spin2000_square64,context_forced,4,1,32,64,64,64,1,0,0,2000,5,1024,45999000,44920.8984375,3206.8200000000002,36211.9140625,36756.510416666664,3766.843174530472,33265.902408268426,40247.118425064902,27615.220732989939
spin2000_square64,context_forced,4,1,32,64,64,64,1,0,0,2000,6,1024,37081000,36211.9140625,2653.9200000000001,36211.9140625,36756.510416666664,3766.843174530472,33265.902408268426,40247.118425064902,27615.220732989939
spin2000_square64,context_forced,4,1,32,64,64,64,1,0,0,2000,7,1024,38088300,37195.60546875,2690.7799999999997,36211.9140625,36756.510416666664,3766.843174530472,33265.902408268426,40247.118425064902,27615.220732989939
spin2000_square64,context_forced,4,1,32,64,64,64,1,0,0,2000,8,1024,33638700,32850.29296875,3280.54,36211.9140625,36756.510416666664,3766.843174530472,33265.902408268426,40247.118425064902,27615.220732989939
spin2000_square128,serial,4,1,32,128,128,128,1,0,0,2000,0,64,19807700,309495.3125,2506.48,309495.3125,303667.70833333331,38568.218568148928,267927.82579351531,339407.59087315132,3231.0667063818614
spin2000_square128,serial,4,1,32,128,128,128,1,0,0,2000,1,64,18295900,285873.4375,2875.0799999999999,309495.3125,303667.70833333331,38568.218568148928,267927.82579351531,339407.59087315132,3231.0667063818614
spin2000_square128,serial,4,1,32,128,128,128,1,0,0,2000,2,64,19715600,308056.25,2985.6600000000003,309495.3125,303667.70833333331,38568.218568148928,267927.82579351531,339407.59087315132,3231.0667063818614
spin2000_square128,serial,4,1,32,128,128,128,1,0,0,2000,3,64,22672800,354262.5,2911.9400000000001,309495.3125,303667.70833333331,38568.218568148928,267927.82579351531,339407.59087315132,3231.0667063818614
spin2000_square128,serial,4,1,32,128,128,128,1,0,0,2000,4,64,14017500,219023.4375,3354.2600000000002,309495.3125,303667.70833333331,38568.218568148928,267927.82579351531,339407.59087315132,3231.0667063818614
spin2000_square128,serial,4,1,32,128,128,128,1,0,0,2000,5,64,20106300,314160.9375,3206.8200000000002,309495.3125,303667.70833333331,38568.218568148928,267927.82579351531,339407.59087315132,3231.0667063818614
spin2000_square128,serial,4,1,32,128,128,128,1,0,0,2000,6,64,18208300,284504.6875,2985.6600000000003,309495.3125,303667.70833333331,38568.218568148928,267927.82579351531,339407.59087315132,3231.0667063818614
spin2000_square128,serial,4,1,32,128,128,128,1,0,0,2000,7,64,21404800,334450,2948.8000000000002,309495.3125,303667.70833333331,38568.218568148928,267927.82579351531,339407.59087315132,3231.0667063818614
spin2000_square128,serial,4,1,32,128,128,128,1,0,0,2000,8,64,20683700,323182.8125,2985.6600000000003,309495.3125,303667.70833333331,38568.218568148928,267927.82579351531,339407.59087315132,3231.0667063818614
spin2000_square128,context_default,4,1,32,128,128,128,1,0,0,2000,0,256,31285500,122208.984375,2875.0799999999999,119768.359375,121762.45659722222,7039.2651295872265,115239.40424380472,128285.50895063972,8349.4505996275366
spin2000_square128,context_default,4,1,32,128,128,128,1,0,0,2000,1,256,29602500,115634.765625,2911.9400000000001,119768.359375,121762.45659722222,7039.2651295872265,115239.40424380472,128285.50895063972,8349.4505996275366
spin2000_square128,context_default,4,1,32,128,128,128,1,0,0,2000,2,256,31377800,122569.53125,2653.9200000000001,119768.359375,121762.45659722222,7039.2651295872265,115239.40424380472,128285.50895063972,8349.4505996275366
spin2000_square128,context_default,4,1,32,128,128,128,1,0,0,2000,3,256,30660700,119768.359375,2985.6600000000003,119768.359375,121762.45659722222,7039.2651295872265,115239.40424380472,128285.50895063972,8349.4505996275366
spin2000_square128,context_default,4,1,32,128,128,128,1,0,0,2000,4,256,29234700,114198.046875,3169.96,119768.359375,121762.45659722222,7039.2651295872265,115239.40424380472,128285.50895063972,8349.4505996275366
spin2000_square128,context_default,4,1,32,128,128,128,1,0,0,2000,5,256,32041700,125162.890625,3206.8200000000002,119768.359375,121762.45659722222,7039.2651295872265,115239.40424380472,128285.50895063972,8349.4505996275366
spin2000_square128,context_default,4,1,32,128,128,128,1,0,0,2000,6,256,35380500,138205.078125,2911.9400000000001,119768.359375,121762.45659722222,7039.2651295872265,115239.40424380472,128285.50895063972,8349.4505996275366
spin2000_square128,context_default,4,1,32,128,128,128,1,0,0,2000,7,256,30387300,118700.390625,2543.3399999999997,119768.359375,121762.45659722222,7039.2651295872265,115239.40424380472,128285.50895063972,8349.4505996275366
spin2000_square128,context_default,4,1,32,128,128,128,1,0,0,2000,8,256,30570000,119414.0625,2911.9400000000001,119768.359375,121762.45659722222,7039.2651295872265,115239.40424380472,128285.50895063972,8349.4505996275366
spin2000_square128,context_forced,4,1,32,128,128,128,1,0,0,2000,0,256,28052300,109579.296875,2653.9200000000001,117207.8125,117306.29340277778,6923.4612320271517,110890.55266109928,123722.03414445628,8531.8544785570502
spin2000_square128,context_forced,4,1,32,128,128,128,1,0,0,2000,1,256,33738300,131790.234375,2690.7799999999997,117207.8125,117306.29340277778,6923.4612320271517,110890.55266109928,123722.03414445628,8531.8544785570502
spin2000_square128,context_forced,4,1,32,128,128,128,1,0,0,2000,2,256,27787000,108542.96875,2764.5,117207.8125,117306.29340277778,6923.4612320271517,110890.55266109928,123722.03414445628,8531.8544785570502
spin2000_square128,context_forced,4,1,32,128,128,128,1,0,0,2000,3,256,29092300,113641.796875,2985.6600000000003,117207.8125,117306.29340277778,6923.4612320271517,110890.55266109928,123722.03414445628,8531.8544785570502
spin2000_square128,context_forced,4,1,32,128,128,128,1,0,0,2000,4,256,29604400,115642.1875,3280.54,117207.8125,117306.29340277778,6923.4612320271517,110890.55266109928,123722.03414445628,8531.8544785570502
spin2000_square128,context_forced,4,1,32,128,128,128,1,0,0,2000,5,256,30005200,117207.8125,3280.54,117207.8125,117306.29340277778,6923.4612320271517,110890.55266109928,123722.03414445628,8531.8544785570502
spin2000_square128,context_forced,4,1,32,128,128,128,1,0,0,2000,6,256,30662200,119774.21875,3169.96,117207.8125,117306.29340277778,6923.4612320271517,110890.55266109928,123722.03414445628,8531.8544785570502
spin2000_square128,context_forced,4,1,32,128,128,128,1,0,0,2000,7,256,30955700,120920.703125,2838.2200000000003,117207.8125,117306.29340277778,6923.4612320271517,110890.55266109928,123722.03414445628,8531.8544785570502
spin2000_square128,context_forced,4,1,32,128,128,128,1,0,0,2000,8,256,30376300,118657.421875,2911.9400000000001,117207.8125,117306.29340277778,6923.4612320271517,110890.55266109928,123722.03414445628,8531.8544785570502
small_grain16,serial,4,1,1,16,16,16,1,0,0,0,0,32768,31624400,965.10009765625,2911.9400000000001,1055.255126953125,1085.1847330729167,121.79443235460614,972.32189242431502,1198.0475737215183,947638.1345687795
small_grain16,serial,4,1,1,16,16,16,1,0,0,0,1,32768,34578600,1055.255126953125,3096.2399999999998,1055.255126953125,1085.1847330729167,121.79443235460614,972.32189242431502,1198.0475737215183,947638.1345687795
small_grain16,serial,4,1,1,16,16,16,1,0,0,0,2,32768,31661500,966.2322998046875,2506.48,1055.255126953125,1085.1847330729167,121.79443235460614,972.32189242431502,1198.0475737215183,947638.1345687795
small_grain16,serial,4,1,1,16,16,16,1,0,0,0,3,32768,34709500,1059.2498779296875,3206.8200000000002,1055.255126953125,1085.1847330729167,121.79443235460614,972.32189242431502,1198.0475737215183,947638.1345687795
small_grain16,serial,4,1,1,16,16,16,1,0,0,0,4,32768,37266100,1137.2711181640625,2801.3600000000001,1055.255126953125,1085.1847330729167,121.79443235460614,972.32189242431502,1198.0475737215183,947638.1345687795
small_grain16,serial,4,1,1,16,16,16,1,0,0,0,5,32768,40102500,1223.8311767578125,3059.3799999999997,1055.255126953125,1085.1847330729167,121.79443235460614,972.32189242431502,1198.0475737215183,947638.1345687795
small_grain16,serial,4,1,1,16,16,16,1,0,0,0,6,32768,34431100,1050.7537841796875,2469.6200000000003,1055.255126953125,1085.1847330729167,121.79443235460614,972.32189242431502,1198.0475737215183,947638.1345687795
small_grain16,serial,4,1,1,16,16,16,1,0,0,0,7,32768,32356500,987.4420166015625,3280.54,1055.255126953125,1085.1847330729167,121.79443235460614,972.32189242431502,1198.0475737215183,947638.1345687795
small_grain16,serial,4,1,1,16,16,16,1,0,0,0,8,32768,43303800,1321.527099609375,3096.2399999999998,1055.255126953125,1085.1847330729167,121.79443235460614,972.32189242431502,1198.0475737215183,947638.1345687795
small_grain16,context_default,4,1,1,16,16,16,1,0,0,0,0,16384,26745100,1632.391357421875,3059.3799999999997,993.743896484375,1229.3830023871528,353.2707370737557,902.01878603213925,1556.7472187421663,1006295.4887448945
small_grain16,context_default,4,1,1,16,16,16,1,0,0,0,1,16384,30402000,1855.5908203125,3206.8200000000002,993.743896484375,1229.3830023871528,353.2707370737557,902.01878603213925,1556.7472187421663,1006295.4887448945
small_grain16,context_default,4,1,1,16,16,16,1,0,0,0,2,16384,18330500,1118.804931640625,2506.48,993.743896484375,1229.3830023871528,353.2707370737557,902.01878603213925,1556.7472187421663,1006295.4887448945
small_grain16,context_default,4,1,1,16,16,16,1,0,0,0,3,16384,15944800,973.193359375,3206.8200000000002,993.743896484375,1229.3830023871528,353.2707370737557,902.01878603213925,1556.7472187421663,1006295.4887448945
small_grain16,context_default,4,1,1,16,16,16,1,0,0,0,4,16384,15964900,974.420166015625,2617.0599999999999,993.743896484375,1229.3830023871528,353.2707370737557,902.01878603213925,1556.7472187421663,1006295.4887448945
small_grain16,context_default,4,1,1,16,16,16,1,0,0,0,5,16384,15892200,969.98291015625,3059.3799999999997,993.743896484375,1229.3830023871528,353.2707370737557,902.01878603213925,1556.7472187421663,1006295.4887448945
small_grain16,context_default,4,1,1,16,16,16,1,0,0,0,6,16384,25696700,1568.402099609375,3280.54,993.743896484375,1229.3830023871528,353.2707370737557,902.01878603213925,1556.7472187421663,1006295.4887448945
small_grain16,context_default,4,1,1,16,16,16,1,0,0,0,7,16384,16022200,977.91748046875,2580.1999999999998,993.743896484375,1229.3830023871528,353.2707370737557,902.01878603213925,1556.7472187421663,1006295.4887448945
small_grain16,context_default,4,1,1,16,16,16,1,0,0,0,8,16384,16281500,993.743896484375,2985.6600000000003,993.743896484375,1229.3830023871528,353.2707370737557,902.01878603213925,1556.7472187421663,1006295.4887448945
small_grain16,context_forced,4,1,1,16,16,16,1,0,0,0,0,1024,32053300,31302.05078125,2875.0799999999999,26172.16796875,26725.846354166668,2438.326978514398,24466.330020743328,28985.362687590008,38208.527516483024
small_grain16,context_forced,4,1,1,16,16,16,1,0,0,0,1,1024,24612900,24036.03515625,2727.6399999999999,26172.16796875,26725.846354166668,2438.326978514398,24466.330020743328,28985.362687590008,38208.527516483024
small_grain16,context_forced,4,1,1,16,16,16,1,0,0,0,2,1024,29264400,28578.515625,2580.1999999999998,26172.16796875,26725.846354166668,2438.326978514398,24466.330020743328,28985.362687590008,38208.527516483024
small_grain16,context_forced,4,1,1,16,16,16,1,0,0,0,3,1024,23995700,23433.30078125,3206.8200000000002,26172.16796875,26725.846354166668,2438.326978514398,24466.330020743328,28985.362687590008,38208.527516483024
small_grain16,context_forced,4,1,1,16,16,16,1,0,0,0,4,1024,26694300,26068.65234375,2653.9200000000001,26172.16796875,26725.846354166668,2438.326978514398,24466.330020743328,28985.362687590008,38208.527516483024
small_grain16,context_forced,4,1,1,16,16,16,1,0,0,0,5,1024,28323200,27659.375,2469.6200000000003,26172.16796875,26725.846354166668,2438.326978514398,24466.330020743328,28985.362687590008,38208.527516483024
small_grain16,context_forced,4,1,1,16,16,16,1,0,0,0,6,1024,25928100,25320.41015625,3427.98,26172.16796875,26725.846354166668,2438.326978514398,24466.330020743328,28985.362687590008,38208.527516483024
small_grain16,context_forced,4,1,1,16,16,16,1,0,0,0,7,1024,28633200,27962.109375,3169.96,26172.16796875,26725.846354166668,2438.326978514398,24466.330020743328,28985.362687590008,38208.527516483024
small_grain16,context_forced,4,1,1,16,16,16,1,0,0,0,8,1024,26800300,26172.16796875,2875.0799999999999,26172.16796875,26725.846354166668,2438.326978514398,24466.330020743328,28985.362687590008,38208.527516483024
square32/workers4,serial,4,1,32,32,32,32,1,0,0,0,0,4096,28367400,6925.634765625,2653.9200000000001,5419.580078125,5750.1898871527774,618.79552203851551,5176.7727033970859,6323.6070709084688,184516.14065751893
square32/workers4,serial,4,1,32,32,32,32,1,0,0,0,1,4096,21924600,5352.685546875,2580.1999999999998,5419.580078125,5750.1898871527774,618.79552203851551,5176.7727033970859,6323.6070709084688,184516.14065751893
square32/workers4,serial,4,1,32,32,32,32,1,0,0,0,2,4096,26150500,6384.3994140625,2764.5,5419.580078125,5750.1898871527774,618.79552203851551,5176.7727033970859,6323.6070709084688,184516.14065751893
square32/workers4,serial,4,1,32,32,32,32,1,0,0,0,3,4096,21456800,5238.4765625,2764.5,5419.580078125,5750.1898871527774,618.79552203851551,5176.7727033970859,6323.6070709084688,184516.14065751893
square32/workers4,serial,4,1,32,32,32,32,1,0,0,0,4,4096,25859700,6313.4033203125,2690.7799999999997,5419.580078125,5750.1898871527774,618.79552203851551,5176.7727033970859,6323.6070709084688,184516.14065751893
square32/workers4,serial,4,1,32,32,32,32,1,0,0,0,5,4096,22220600,5424.951171875,2838.2200000000003,5419.580078125,5750.1898871527774,618.79552203851551,5176.7727033970859,6323.6070709084688,184516.14065751893
square32/workers4,serial,4,1,32,32,32,32,1,0,0,0,6,4096,21987500,5368.0419921875,3354.2600000000002,5419.580078125,5750.1898871527774,618.79552203851551,5176.7727033970859,6323.6070709084688,184516.14065751893
square32/workers4,serial,4,1,32,32,32,32,1,0,0,0,7,4096,21809300,5324.5361328125,2543.3399999999997,5419.580078125,5750.1898871527774,618.79552203851551,5176.7727033970859,6323.6070709084688,184516.14065751893
square32/workers4,serial,4,1,32,32,32,32,1,0,0,0,8,4096,22198600,5419.580078125,2617.0599999999999,5419.580078125,5750.1898871527774,618.79552203851551,5176.7727033970859,6323.6070709084688,184516.14065751893
square32/workers4,context_default,4,1,32,32,32,32,1,0,0,0,0,4096,22029700,5378.3447265625,2764.5,5480.8837890625,6183.2899305555557,1943.3098887027325,4382.4894336910238,7984.0904274200875,182452.32675715044
square32/workers4,context_default,4,1,32,32,32,32,1,0,0,0,1,4096,29020300,7085.0341796875,2690.7799999999997,5480.8837890625,6183.2899305555557,1943.3098887027325,4382.4894336910238,7984.0904274200875,182452.32675715044
square32/workers4,context_default,4,1,32,32,32,32,1,0,0,0,2,4096,22745300,5553.0517578125,2911.9400000000001,5480.8837890625,6183.2899305555557,1943.3098887027325,4382.4894336910238,7984.0904274200875,182452.32675715044
square32/workers4,context_default,4,1,32,32,32,32,1,0,0,0,3,4096,23032600,5623.193359375,2690.7799999999997,5480.8837890625,6183.2899305555557,1943.3098887027325,4382.4894336910238,7984.0904274200875,182452.32675715044
square32/workers4,context_default,4,1,32,32,32,32,1,0,0,0,4,4096,20948700,5114.4287109375,2875.0799999999999,5480.8837890625,6183.2899305555557,1943.3098887027325,4382.4894336910238,7984.0904274200875,182452.32675715044
square32/workers4,context_default,4,1,32,32,32,32,1,0,0,0,5,4096,21222700,5181.3232421875,2985.6600000000003,5480.8837890625,6183.2899305555557,1943.3098887027325,4382.4894336910238,7984.0904274200875,182452.32675715044
square32/workers4,context_default,4,1,32,32,32,32,1,0,0,0,6,4096,22449700,5480.8837890625,3022.52,5480.8837890625,6183.2899305555557,1943.3098887027325,4382.4894336910238,7984.0904274200875,182452.32675715044
square32/workers4,context_default,4,1,32,32,32,32,1,0,0,0,7,4096,45507900,11110.3271484375,3133.0999999999999,5480.8837890625,6183.2899305555557,1943.3098887027325,4382.4894336910238,7984.0904274200875,182452.32675715044
square32/workers4,context_default,4,1,32,32,32,32,1,0,0,0,8,4096,20983900,5123.0224609375,2727.6399999999999,5480.8837890625,6183.2899305555557,1943.3098887027325,4382.4894336910238,7984.0904274200875,182452.32675715044
square32/workers4,context_forced,4,1,32,32,32,32,1,0,0,0,0,4096,26156700,6385.9130859375,2764.5,6647.2900390625,6874.8643663194443,1531.9843269542316,5455.2255566751901,8294.5031759636986,150437.24497104008
square32/workers4,context_forced,4,1,32,32,32,32,1,0,0,0,1,4096,22070900,5388.4033203125,2690.7799999999997,6647.2900390625,6874.8643663194443,1531.9843269542316,5455.2255566751901,8294.5031759636986,150437.24497104008
square32/workers4,context_forced,4,1,32,32,32,32,1,0,0,0,2,4096,31961200,7803.02734375,2580.1999999999998,6647.2900390625,6874.8643663194443,1531.9843269542316,5455.2255566751901,8294.5031759636986,150437.24497104008
square32/workers4,context_forced,4,1,32,32,32,32,1,0,0,0,3,4096,20936200,5111.376953125,3059.3799999999997,6647.2900390625,6874.8643663194443,1531.9843269542316,5455.2255566751901,8294.5031759636986,150437.24497104008
square32/workers4,context_forced,4,1,32,32,32,32,1,0,0,0,4,4096,39162700,9561.2060546875,2801.3600000000001,6647.2900390625,6874.8643663194443,1531.9843269542316,5455.2255566751901,8294.5031759636986,150437.24497104008
square32/workers4,context_forced,4,1,32,32,32,32,1,0,0,0,5,4096,33220100,8110.3759765625,2875.0799999999999,6647.2900390625,6874.8643663194443,1531.9843269542316,5455.2255566751901,8294.5031759636986,150437.24497104008
square32/workers4,context_forced,4,1,32,32,32,32,1,0,0,0,6,4096,21192600,5173.974609375,3022.52,6647.2900390625,6874.8643663194443,1531.9843269542316,5455.2255566751901,8294.5031759636986,150437.24497104008
square32/workers4,context_forced,4,1,32,32,32,32,1,0,0,0,7,4096,31507300,7692.2119140625,3317.4000000000001,6647.2900390625,6874.8643663194443,1531.9843269542316,5455.2255566751901,8294.5031759636986,150437.24497104008
square32/workers4,context_forced,4,1,32,32,32,32,1,0,0,0,8,4096,27227300,6647.2900390625,2690.7799999999997,6647.2900390625,6874.8643663194443,1531.9843269542316,5455.2255566751901,8294.5031759636986,150437.24497104008
square64/workers4,serial,4,1,32,64,64,64,1,0,0,0,0,1024,39956800,39020.3125,2727.6399999999999,40719.23828125,44672.591145833336,6738.675404749446,38428.085270765514,50917.097020901158,24558.416174019403
square64/workers4,serial,4,1,32,64,64,64,1,0,0,0,1,1024,39920200,38984.5703125,2617.0599999999999,40719.23828125,44672.591145833336,6738.675404749446,38428.085270765514,50917.097020901158,24558.416174019403
square64/workers4,serial,4,1,32,64,64,64,1,0,0,0,2,1024,54365300,53091.11328125,3206.8200000000002,40719.23828125,44672.591145833336,6738.675404749446,38428.085270765514,50917.097020901158,24558.416174019403
square64/workers4,serial,4,1,32,64,64,64,1,0,0,0,3,1024,41696500,40719.23828125,2506.48,40719.23828125,44672.591145833336,6738.675404749446,38428.085270765514,50917.097020901158,24558.416174019403
square64/workers4,serial,4,1,32,64,64,64,1,0,0,0,4,1024,54258900,52987.20703125,2690.7799999999997,40719.23828125,44672.591145833336,6738.675404749446,38428.085270765514,50917.097020901158,24558.416174019403
square64/workers4,serial,4,1,32,64,64,64,1,0,0,0,5,1024,54905300,53618.45703125,2801.3600000000001,40719.23828125,44672.591145833336,6738.675404749446,38428.085270765514,50917.097020901158,24558.416174019403
square64/workers4,serial,4,1,32,64,64,64,1,0,0,0,6,1024,40227500,39284.66796875,2690.7799999999997,40719.23828125,44672.591145833336,6738.675404749446,38428.085270765514,50917.097020901158,24558.416174019403
square64/workers4,serial,4,1,32,64,64,64,1,0,0,0,7,1024,39805500,38872.55859375,2506.48,40719.23828125,44672.591145833336,6738.675404749446,38428.085270765514,50917.097020901158,24558.416174019403
square64/workers4,serial,4,1,32,64,64,64,1,0,0,0,8,1024,46566600,45475.1953125,2432.7600000000002,40719.23828125,44672.591145833336,6738.675404749446,38428.085270765514,50917.097020901158,24558.416174019403
square64/workers4,context_default,4,1,32,64,64,64,1,0,0,0,0,512,19958500,38981.4453125,2690.7799999999997,39068.5546875,40791.319444444445,3329.4243368695184,37706.052892278691,43876.5859966102,25596.032614944685
square64/workers4,context_default,4,1,32,64,64,64,1,0,0,0,1,512,19984900,39033.0078125,2764.5,39068.5546875,40791.319444444445,3329.4243368695184,37706.052892278691,43876.5859966102,25596.032614944685
square64/workers4,context_default,4,1,32,64,64,64,1,0,0,0,2,512,20002600,39067.578125,2764.5,39068.5546875,40791.319444444445,3329.4243368695184,37706.052892278691,43876.5859966102,25596.032614944685
square64/workers4,context_default,4,1,32,64,64,64,1,0,0,0,3,512,21887600,42749.21875,2690.7799999999997,39068.5546875,40791.319444444445,3329.4243368695184,37706.052892278691,43876.5859966102,25596.032614944685
square64/workers4,context_default,4,1,32,64,64,64,1,0,0,0,4,512,25036300,48899.0234375,3169.96,39068.5546875,40791.319444444445,3329.4243368695184,37706.052892278691,43876.5859966102,25596.032614944685
square64/workers4,context_default,4,1,32,64,64,64,1,0,0,0,5,512,20003100,39068.5546875,2469.6200000000003,39068.5546875,40791.319444444445,3329.4243368695184,37706.052892278691,43876.5859966102,25596.032614944685
square64/workers4,context_default,4,1,32,64,64,64,1,0,0,0,6,512,21162700,41333.3984375,3059.3799999999997,39068.5546875,40791.319444444445,3329.4243368695184,37706.052892278691,43876.5859966102,25596.032614944685
square64/workers4,context_default,4,1,32,64,64,64,1,0,0,0,7,512,20051900,39163.8671875,2690.7799999999997,39068.5546875,40791.319444444445,3329.4243368695184,37706.052892278691,43876.5859966102,25596.032614944685
square64/workers4,context_default,4,1,32,64,64,64,1,0,0,0,8,512,19878800,38825.78125,2506.48,39068.5546875,40791.319444444445,3329.4243368695184,37706.052892278691,43876.5859966102,25596.032614944685
square64/workers4,context_forced,4,1,32,64,64,64,1,0,0,0,0,1024,35882900,35041.89453125,2506.48,39827.24609375,39769.650607638891,5146.4049751258099,35000.648664022308,44538.652551255473,25108.439525195485
square64/workers4,context_forced,4,1,32,64,64,64,1,0,0,0,1,1024,45929700,44853.22265625,2690.7799999999997,39827.24609375,39769.650607638891,5146.4049751258099,35000.648664022308,44538.652551255473,25108.439525195485
square64/workers4,context_forced,4,1,32,64,64,64,1,0,0,0,2,1024,41066900,40104.39453125,2543.3399999999997,39827.24609375,39769.650607638891,5146.4049751258099,35000.648664022308,44538.652551255473,25108.439525195485
square64/workers4,context_forced,4,1,32,64,64,64,1,0,0,0,3,1024,33733800,32943.1640625,2764.5,39827.24609375,39769.650607638891,5146.4049751258099,35000.648664022308,44538.652551255473,25108.439525195485
square64/workers4,context_forced,4,1,32,64,64,64,1,0,0,0,4,1024,50124300,48949.51171875,2395.9000000000001,39827.24609375,39769.650607638891,5146.4049751258099,35000.648664022308,44538.652551255473,25108.439525195485
square64/workers4,context_forced,4,1,32,64,64,64,1,0,0,0,5,1024,44117200,43083.203125,2469.6200000000003,39827.24609375,39769.650607638891,5146.4049751258099,35000.648664022308,44538.652551255473,25108.439525195485
square64/workers4,context_forced,4,1,32,64,64,64,1,0,0,0,6,1024,36664100,35804.78515625,2690.7799999999997,39827.24609375,39769.650607638891,5146.4049751258099,35000.648664022308,44538.652551255473,25108.439525195485
square64/workers4,context_forced,4,1,32,64,64,64,1,0,0,0,7,1024,38215100,37319.43359375,2875.0799999999999,39827.24609375,39769.650607638891,5146.4049751258099,35000.648664022308,44538.652551255473,25108.439525195485
square64/workers4,context_forced,4,1,32,64,64,64,1,0,0,0,8,1024,40783100,39827.24609375,2506.48,39827.24609375,39769.650607638891,5146.4049751258099,35000.648664022308,44538.652551255473,25108.439525195485
square256/workers2,serial,2,1,32,256,256,256,1,0,0,0,0,8,30153100,3769137.5,2911.9400000000001,3402500,3323311.111111111,433311.78725981893,2921775.5215836787,3724846.7006385433,293.90154298310068
square256/workers2,serial,2,1,32,256,256,256,1,0,0,0,1,8,21736700,2717087.5,2801.3600000000001,3402500,3323311.111111111,433311.78725981893,2921775.5215836787,3724846.7006385433,293.90154298310068
square256/workers2,serial,2,1,32,256,256,256,1,0,0,0,2,8,24845700,3105712.5,2432.7600000000002,3402500,3323311.111111111,433311.78725981893,2921775.5215836787,3724846.7006385433,293.90154298310068
square256/workers2,serial,2,1,32,256,256,256,1,0,0,0,3,8,22304700,2788087.5,3280.54,3402500,3323311.111111111,433311.78725981893,2921775.5215836787,3724846.7006385433,293.90154298310068
square256/workers2,serial,2,1,32,256,256,256,1,0,0,0,4,8,28144900,3518112.5,2727.6399999999999,3402500,3323311.111111111,433311.78725981893,2921775.5215836787,3724846.7006385433,293.90154298310068
square256/workers2,serial,2,1,32,256,256,256,1,0,0,0,5,8,31114900,3889362.5,2432.7600000000002,3402500,3323311.111111111,433311.78725981893,2921775.5215836787,3724846.7006385433,293.90154298310068
square256/workers2,serial,2,1,32,256,256,256,1,0,0,0,6,8,24138800,3017350,2580.1999999999998,3402500,3323311.111111111,433311.78725981893,2921775.5215836787,3724846.7006385433,293.90154298310068
square256/workers2,serial,2,1,32,256,256,256,1,0,0,0,7,8,29619600,3702450,2580.1999999999998,3402500,3323311.111111111,433311.78725981893,2921775.5215836787,3724846.7006385433,293.90154298310068
square256/workers2,serial,2,1,32,256,256,256,1,0,0,0,8,8,27220000,3402500,2432.7600000000002,3402500,3323311.111111111,433311.78725981893,2921775.5215836787,3724846.7006385433,293.90154298310068
square256/workers2,context_default,2,1,32,256,256,256,1,0,0,0,0,16,22391700,1399481.25,2764.5,1545687.5,1756123.611111111,384161.715238337,1400133.7549902522,2112113.4672319698,646.96130362702684
square256/workers2,context_default,2,1,32,256,256,256,1,0,0,0,1,16,22534400,1408400,2838.2200000000003,1545687.5,1756123.611111111,384161.715238337,1400133.7549902522,2112113.4672319698,646.96130362702684
square256/workers2,context_default,2,1,32,256,256,256,1,0,0,0,2,16,24620900,1538806.25,2469.6200000000003,1545687.5,1756123.611111111,384161.715238337,1400133.7549902522,2112113.4672319698,646.96130362702684
square256/workers2,context_default,2,1,32,256,256,256,1,0,0,0,3,16,24723800,1545237.5,2469.6200000000003,1545687.5,1756123.611111111,384161.715238337,1400133.7549902522,2112113.4672319698,646.96130362702684
square256/workers2,context_default,2,1,32,256,256,256,1,0,0,0,4,16,34979300,2186206.25,2580.1999999999998,1545687.5,1756123.611111111,384161.715238337,1400133.7549902522,2112113.4672319698,646.96130362702684
square256/workers2,context_default,2,1,32,256,256,256,1,0,0,0,5,16,24731000,1545687.5,2432.7600000000002,1545687.5,1756123.611111111,384161.715238337,1400133.7549902522,2112113.4672319698,646.96130362702684
square256/workers2,context_default,2,1,32,256,256,256,1,0,0,0,6,16,32483400,2030212.5,2617.0599999999999,1545687.5,1756123.611111111,384161.715238337,1400133.7549902522,2112113.4672319698,646.96130362702684
square256/workers2,context_default,2,1,32,256,256,256,1,0,0,0,7,16,39731500,2483218.75,2653.9200000000001,1545687.5,1756123.611111111,384161.715238337,1400133.7549902522,2112113.4672319698,646.96130362702684
square256/workers2,context_default,2,1,32,256,256,256,1,0,0,0,8,16,26685800,1667862.5,2469.6200000000003,1545687.5,1756123.611111111,384161.715238337,1400133.7549902522,2112113.4672319698,646.96130362702684
square256/workers2,context_forced,2,1,32,256,256,256,1,0,0,0,0,8,11827700,1478462.5,2764.5,1543812.5,1584769.4444444445,171222.27856273635,1426103.4663096422,1743435.4225792468,647.74705477511031
square256/workers2,context_forced,2,1,32,256,256,256,1,0,0,0,1,8,11340200,1417525,2801.3600000000001,1543812.5,1584769.4444444445,171222.27856273635,1426103.4663096422,1743435.4225792468,647.74705477511031
square256/workers2,context_forced,2,1,32,256,256,256,1,0,0,0,2,8,11964500,1495562.5,2432.7600000000002,1543812.5,1584769.4444444445,171222.27856273635,1426103.4663096422,1743435.4225792468,647.74705477511031
square256/workers2,context_forced,2,1,32,256,256,256,1,0,0,0,3,8,11489000,1436125,3280.54,1543812.5,1584769.4444444445,171222.27856273635,1426103.4663096422,1743435.4225792468,647.74705477511031
square256/workers2,context_forced,2,1,32,256,256,256,1,0,0,0,4,8,12371300,1546412.5,2727.6399999999999,1543812.5,1584769.4444444445,171222.27856273635,1426103.4663096422,1743435.4225792468,647.74705477511031
square256/workers2,context_forced,2,1,32,256,256,256,1,0,0,0,5,8,12350500,1543812.5,2432.7600000000002,1543812.5,1584769.4444444445,171222.27856273635,1426103.4663096422,1743435.4225792468,647.74705477511031
square256/workers2,context_forced,2,1,32,256,256,256,1,0,0,0,6,8,12896200,1612025,2580.1999999999998,1543812.5,1584769.4444444445,171222.27856273635,1426103.4663096422,1743435.4225792468,647.74705477511031
square256/workers2,context_forced,2,1,32,256,256,256,1,0,0,0,7,8,14644900,1830612.5,2543.3399999999997,1543812.5,1584769.4444444445,171222.27856273635,1426103.4663096422,1743435.4225792468,647.74705477511031
square256/workers2,context_forced,2,1,32,256,256,256,1,0,0,0,8,8,15219100,1902387.5,2469.6200000000003,1543812.5,1584769.4444444445,171222.27856273635,1426103.4663096422,1743435.4225792468,647.74705477511031
small_grain32,serial,4,1,1,32,32,32,1,0,0,0,0,4096,20751800,5066.357421875,2617.0599999999999,5080.56640625,5536.5695529513887,1095.3072644681627,4521.5848212108913,6551.5542846918861,196828.447861605
small_grain32,serial,4,1,1,32,32,32,1,0,0,0,1,4096,20828300,5085.0341796875,3022.52,5080.56640625,5536.5695529513887,1095.3072644681627,4521.5848212108913,6551.5542846918861,196828.447861605
small_grain32,serial,4,1,1,32,32,32,1,0,0,0,2,4096,20820900,5083.2275390625,3059.3799999999997,5080.56640625,5536.5695529513887,1095.3072644681627,4521.5848212108913,6551.5542846918861,196828.447861605
small_grain32,serial,4,1,1,32,32,32,1,0,0,0,3,4096,20810000,5080.56640625,2838.2200000000003,5080.56640625,5536.5695529513887,1095.3072644681627,4521.5848212108913,6551.5542846918861,196828.447861605
small_grain32,serial,4,1,1,32,32,32,1,0,0,0,4,4096,20804000,5079.1015625,2911.9400000000001,5080.56640625,5536.5695529513887,1095.3072644681627,4521.5848212108913,6551.5542846918861,196828.447861605
small_grain32,serial,4,1,1,32,32,32,1,0,0,0,5,4096,20340700,4965.9912109375,3022.52,5080.56640625,5536.5695529513887,1095.3072644681627,4521.5848212108913,6551.5542846918861,196828.447861605
small_grain32,serial,4,1,1,32,32,32,1,0,0,0,6,4096,20802500,5078.7353515625,2948.8000000000002,5080.56640625,5536.5695529513887,1095.3072644681627,4521.5848212108913,6551.5542846918861,196828.447861605
small_grain32,serial,4,1,1,32,32,32,1,0,0,0,7,4096,34062800,8316.11328125,2469.6200000000003,5080.56640625,5536.5695529513887,1095.3072644681627,4521.5848212108913,6551.5542846918861,196828.447861605
small_grain32,serial,4,1,1,32,32,32,1,0,0,0,8,4096,24879100,6073.9990234375,3059.3799999999997,5080.56640625,5536.5695529513887,1095.3072644681627,4521.5848212108913,6551.5542846918861,196828.447861605
small_grain32,context_default,4,1,1,32,32,32,1,0,0,0,0,4096,20930900,5110.0830078125,2506.48,5142.48046875,5922.65625,1870.8423056118288,4189.0090467997052,7656.3034532002948,194458.68702406046
small_grain32,context_default,4,1,1,32,32,32,1,0,0,0,1,4096,27075200,6610.15625,3243.6799999999998,5142.48046875,5922.65625,1870.8423056118288,4189.0090467997052,7656.3034532002948,194458.68702406046
small_grain32,context_default,4,1,1,32,32,32,1,0,0,0,2,4096,21063600,5142.48046875,3059.3799999999997,5142.48046875,5922.65625,1870.8423056118288,4189.0090467997052,7656.3034532002948,194458.68702406046
small_grain32,context_default,4,1,1,32,32,32,1,0,0,0,3,4096,21114300,5154.8583984375,2985.6600000000003,5142.48046875,5922.65625,1870.8423056118288,4189.0090467997052,7656.3034532002948,194458.68702406046
small_grain32,context_default,4,1,1,32,32,32,1,0,0,0,4,4096,20899000,5102.294921875,2911.9400000000001,5142.48046875,5922.65625,1870.8423056118288,4189.0090467997052,7656.3034532002948,194458.68702406046
small_grain32,context_default,4,1,1,32,32,32,1,0,0,0,5,4096,21401400,5224.951171875,3169.96,5142.48046875,5922.65625,1870.8423056118288,4189.0090467997052,7656.3034532002948,194458.68702406046
small_grain32,context_default,4,1,1,32,32,32,1,0,0,0,6,4096,20921200,5107.71484375,2948.8000000000002,5142.48046875,5922.65625,1870.8423056118288,4189.0090467997052,7656.3034532002948,194458.68702406046
small_grain32,context_default,4,1,1,32,32,32,1,0,0,0,7,4096,43983900,10738.2568359375,3096.2399999999998,5142.48046875,5922.65625,1870.8423056118288,4189.0090467997052,7656.3034532002948,194458.68702406046
small_grain32,context_default,4,1,1,32,32,32,1,0,0,0,8,4096,20943300,5113.1103515625,3096.2399999999998,5142.48046875,5922.65625,1870.8423056118288,4189.0090467997052,7656.3034532002948,194458.68702406046
small_grain32,context_forced,4,1,1,32,32,32,1,0,0,0,0,1024,30826400,30103.90625,2948.8000000000002,33174.90234375,33145.399305555555,2158.4083283895161,31145.274254581269,35145.524356529837,30143.268837335265
small_grain32,context_forced,4,1,1,32,32,32,1,0,0,0,1,1024,35623300,34788.37890625,2801.3600000000001,33174.90234375,33145.399305555555,2158.4083283895161,31145.274254581269,35145.524356529837,30143.268837335265
small_grain32,context_forced,4,1,1,32,32,32,1,0,0,0,2,1024,31647000,30905.2734375,3059.3799999999997,33174.90234375,33145.399305555555,2158.4083283895161,31145.274254581269,35145.524356529837,30143.268837335265
small_grain32,context_forced,4,1,1,32,32,32,1,0,0,0,3,1024,34827600,34011.328125,3096.2399999999998,33174.90234375,33145.399305555555,2158.4083283895161,31145.274254581269,35145.524356529837,30143.268837335265
small_grain32,context_forced,4,1,1,32,32,32,1,0,0,0,4,1024,33971100,33174.90234375,3354.2600000000002,33174.90234375,33145.399305555555,2158.4083283895161,31145.274254581269,35145.524356529837,30143.268837335265
small_grain32,context_forced,4,1,1,32,32,32,1,0,0,0,5,1024,35499700,34667.67578125,2911.9400000000001,33174.90234375,33145.399305555555,2158.4083283895161,31145.274254581269,35145.524356529837,30143.268837335265
small_grain32,context_forced,4,1,1,32,32,32,1,0,0,0,6,1024,32047300,31296.19140625,2911.9400000000001,33174.90234375,33145.399305555555,2158.4083283895161,31145.274254581269,35145.524356529837,30143.268837335265
small_grain32,context_forced,4,1,1,32,32,32,1,0,0,0,7,1024,33328400,32547.265625,2211.5999999999999,33174.90234375,33145.399305555555,2158.4083283895161,31145.274254581269,35145.524356529837,30143.268837335265
small_grain32,context_forced,4,1,1,32,32,32,1,0,0,0,8,1024,37697200,36813.671875,2727.6399999999999,33174.90234375,33145.399305555555,2158.4083283895161,31145.274254581269,35145.524356529837,30143.268837335265
grain8,serial,4,1,8,128,128,128,1,0,0,0,0,64,19774400,308975,2985.6600000000003,308373.4375,340155.90277777775,120577.16129278335,228421.06664646519,451890.73890909029,3242.8214573442306
grain8,serial,4,1,8,128,128,128,1,0,0,0,1,64,19735800,308371.875,3059.3799999999997,308373.4375,340155.90277777775,120577.16129278335,228421.06664646519,451890.73890909029,3242.8214573442306
grain8,serial,4,1,8,128,128,128,1,0,0,0,2,64,15682500,245039.0625,2580.1999999999998,308373.4375,340155.90277777775,120577.16129278335,228421.06664646519,451890.73890909029,3242.8214573442306
grain8,serial,4,1,8,128,128,128,1,0,0,0,3,64,19732000,308312.5,3538.5599999999999,308373.4375,340155.90277777775,120577.16129278335,228421.06664646519,451890.73890909029,3242.8214573442306
grain8,serial,4,1,8,128,128,128,1,0,0,0,4,64,19751600,308618.75,3059.3799999999997,308373.4375,340155.90277777775,120577.16129278335,228421.06664646519,451890.73890909029,3242.8214573442306
grain8,serial,4,1,8,128,128,128,1,0,0,0,5,64,42034200,656784.375,3317.4000000000001,308373.4375,340155.90277777775,120577.16129278335,228421.06664646519,451890.73890909029,3242.8214573442306
grain8,serial,4,1,8,128,128,128,1,0,0,0,6,64,19754000,308656.25,3022.52,308373.4375,340155.90277777775,120577.16129278335,228421.06664646519,451890.73890909029,3242.8214573442306
grain8,serial,4,1,8,128,128,128,1,0,0,0,7,64,19729400,308271.875,3169.96,308373.4375,340155.90277777775,120577.16129278335,228421.06664646519,451890.73890909029,3242.8214573442306
grain8,serial,4,1,8,128,128,128,1,0,0,0,8,64,19735900,308373.4375,2875.0799999999999,308373.4375,340155.90277777775,120577.16129278335,228421.06664646519,451890.73890909029,3242.8214573442306
grain8,context_default,4,1,8,128,128,128,1,0,0,0,0,256,31266200,122133.59375,2911.9400000000001,119407.03125,117950.73784722222,7099.6145773613061,111371.76167220074,124529.7140222437,8374.7162083472358
grain8,context_default,4,1,8,128,128,128,1,0,0,0,1,256,27930200,109102.34375,2985.6600000000003,119407.03125,117950.73784722222,7099.6145773613061,111371.76167220074,124529.7140222437,8374.7162083472358
grain8,context_default,4,1,8,128,128,128,1,0,0,0,2,256,32032000,125125,3427.98,119407.03125,117950.73784722222,7099.6145773613061,111371.76167220074,124529.7140222437,8374.7162083472358
grain8,context_default,4,1,8,128,128,128,1,0,0,0,3,256,31267900,122140.234375,3317.4000000000001,119407.03125,117950.73784722222,7099.6145773613061,111371.76167220074,124529.7140222437,8374.7162083472358
grain8,context_default,4,1,8,128,128,128,1,0,0,0,4,256,28221100,110238.671875,3059.3799999999997,119407.03125,117950.73784722222,7099.6145773613061,111371.76167220074,124529.7140222437,8374.7162083472358
grain8,context_default,4,1,8,128,128,128,1,0,0,0,5,256,32779300,128044.140625,2690.7799999999997,119407.03125,117950.73784722222,7099.6145773613061,111371.76167220074,124529.7140222437,8374.7162083472358
grain8,context_default,4,1,8,128,128,128,1,0,0,0,6,256,28048500,109564.453125,3096.2399999999998,119407.03125,117950.73784722222,7099.6145773613061,111371.76167220074,124529.7140222437,8374.7162083472358
grain8,context_default,4,1,8,128,128,128,1,0,0,0,7,256,29645100,115801.171875,2653.9200000000001,119407.03125,117950.73784722222,7099.6145773613061,111371.76167220074,124529.7140222437,8374.7162083472358
grain8,context_default,4,1,8,128,128,128,1,0,0,0,8,256,30568200,119407.03125,2875.0799999999999,119407.03125,117950.73784722222,7099.6145773613061,111371.76167220074,124529.7140222437,8374.7162083472358
grain8,context_forced,4,1,8,128,128,128,1,0,0,0,0,256,30877700,120616.015625,2838.2200000000003,113141.015625,114601.12847222222,3268.5257578061096,111572.29460332189,117629.96234112255,8838.5276946288686
grain8,context_forced,4,1,8,128,128,128,1,0,0,0,1,256,28667700,111983.203125,2948.8000000000002,113141.015625,114601.12847222222,3268.5257578061096,111572.29460332189,117629.96234112255,8838.5276946288686
grain8,context_forced,4,1,8,128,128,128,1,0,0,0,2,256,29751300,116216.015625,3059.3799999999997,113141.015625,114601.12847222222,3268.5257578061096,111572.29460332189,117629.96234112255,8838.5276946288686
grain8,context_forced,4,1,8,128,128,128,1,0,0,0,3,256,29001900,113288.671875,3243.6799999999998,113141.015625,114601.12847222222,3268.5257578061096,111572.29460332189,117629.96234112255,8838.5276946288686
grain8,context_forced,4,1,8,128,128,128,1,0,0,0,4,256,28784900,112441.015625,3317.4000000000001,113141.015625,114601.12847222222,3268.5257578061096,111572.29460332189,117629.96234112255,8838.5276946288686
grain8,context_forced,4,1,8,128,128,128,1,0,0,0,5,256,28744600,112283.59375,2690.7799999999997,113141.015625,114601.12847222222,3268.5257578061096,111572.29460332189,117629.96234112255,8838.5276946288686
grain8,context_forced,4,1,8,128,128,128,1,0,0,0,6,256,28748200,112297.65625,3096.2399999999998,113141.015625,114601.12847222222,3268.5257578061096,111572.29460332189,117629.96234112255,8838.5276946288686
grain8,context_forced,4,1,8,128,128,128,1,0,0,0,7,256,28964100,113141.015625,3022.52,113141.015625,114601.12847222222,3268.5257578061096,111572.29460332189,117629.96234112255,8838.5276946288686
grain8,context_forced,4,1,8,128,128,128,1,0,0,0,8,256,30500600,119142.96875,3206.8200000000002,113141.015625,114601.12847222222,3268.5257578061096,111572.29460332189,117629.96234112255,8838.5276946288686
square256/workers4,serial,4,1,32,256,256,256,1,0,0,0,0,8,24792400,3099050,2985.6600000000003,2736475,2789687.5,126679.43764429569,2672297.8877829527,2907077.1122170473,365.43363268438412
square256/workers4,serial,4,1,32,256,256,256,1,0,0,0,1,8,21649000,2706125,2985.6600000000003,2736475,2789687.5,126679.43764429569,2672297.8877829527,2907077.1122170473,365.43363268438412
square256/workers4,serial,4,1,32,256,256,256,1,0,0,0,2,8,22775100,2846887.5,2727.6399999999999,2736475,2789687.5,126679.43764429569,2672297.8877829527,2907077.1122170473,365.43363268438412
square256/workers4,serial,4,1,32,256,256,256,1,0,0,0,3,8,22538900,2817362.5,2948.8000000000002,2736475,2789687.5,126679.43764429569,2672297.8877829527,2907077.1122170473,365.43363268438412
square256/workers4,serial,4,1,32,256,256,256,1,0,0,0,4,8,21584700,2698087.5,2838.2200000000003,2736475,2789687.5,126679.43764429569,2672297.8877829527,2907077.1122170473,365.43363268438412
square256/workers4,serial,4,1,32,256,256,256,1,0,0,0,5,8,21870900,2733862.5,2764.5,2736475,2789687.5,126679.43764429569,2672297.8877829527,2907077.1122170473,365.43363268438412
square256/workers4,serial,4,1,32,256,256,256,1,0,0,0,6,8,21676300,2709537.5,2801.3600000000001,2736475,2789687.5,126679.43764429569,2672297.8877829527,2907077.1122170473,365.43363268438412
square256/workers4,serial,4,1,32,256,256,256,1,0,0,0,7,8,21891800,2736475,2838.2200000000003,2736475,2789687.5,126679.43764429569,2672297.8877829527,2907077.1122170473,365.43363268438412
square256/workers4,serial,4,1,32,256,256,256,1,0,0,0,8,8,22078400,2759800,2838.2200000000003,2736475,2789687.5,126679.43764429569,2672297.8877829527,2907077.1122170473,365.43363268438412
square256/workers4,context_default,4,1,32,256,256,256,1,0,0,0,0,32,26556600,829893.75,3059.3799999999997,851418.75,855873.26388888888,31886.575720963941,826325.03705412894,885421.49072364881,1174.5101925462648
square256/workers4,context_default,4,1,32,256,256,256,1,0,0,0,1,32,28458600,889331.25,2764.5,851418.75,855873.26388888888,31886.575720963941,826325.03705412894,885421.49072364881,1174.5101925462648
square256/workers4,context_default,4,1,32,256,256,256,1,0,0,0,2,32,27245400,851418.75,3022.52,851418.75,855873.26388888888,31886.575720963941,826325.03705412894,885421.49072364881,1174.5101925462648
square256/workers4,context_default,4,1,32,256,256,256,1,0,0,0,3,32,29200200,912506.25,2764.5,851418.75,855873.26388888888,31886.575720963941,826325.03705412894,885421.49072364881,1174.5101925462648
square256/workers4,context_default,4,1,32,256,256,256,1,0,0,0,4,32,26637100,832409.375,2911.9400000000001,851418.75,855873.26388888888,31886.575720963941,826325.03705412894,885421.49072364881,1174.5101925462648
square256/workers4,context_default,4,1,32,256,256,256,1,0,0,0,5,32,27313100,853534.375,2543.3399999999997,851418.75,855873.26388888888,31886.575720963941,826325.03705412894,885421.49072364881,1174.5101925462648
square256/workers4,context_default,4,1,32,256,256,256,1,0,0,0,6,32,26515700,828615.625,2580.1999999999998,851418.75,855873.26388888888,31886.575720963941,826325.03705412894,885421.49072364881,1174.5101925462648
square256/workers4,context_default,4,1,32,256,256,256,1,0,0,0,7,32,28240200,882506.25,3243.6799999999998,851418.75,855873.26388888888,31886.575720963941,826325.03705412894,885421.49072364881,1174.5101925462648
square256/workers4,context_default,4,1,32,256,256,256,1,0,0,0,8,32,26324600,822643.75,2948.8000000000002,851418.75,855873.26388888888,31886.575720963941,826325.03705412894,885421.49072364881,1174.5101925462648
square256/workers4,context_forced,4,1,32,256,256,256,1,0,0,0,0,32,27826400,869575,3022.52,863878.125,874885.0694444445,62698.37161107234,816784.57841818407,932985.56047070492,1157.5706932039748
square256/workers4,context_forced,4,1,32,256,256,256,1,0,0,0,1,32,28631800,894743.75,2985.6600000000003,863878.125,874885.0694444445,62698.37161107234,816784.57841818407,932985.56047070492,1157.5706932039748
square256/workers4,context_forced,4,1,32,256,256,256,1,0,0,0,2,32,32855400,1026731.25,2838.2200000000003,863878.125,874885.0694444445,62698.37161107234,816784.57841818407,932985.56047070492,1157.5706932039748
square256/workers4,context_forced,4,1,32,256,256,256,1,0,0,0,3,32,27170300,849071.875,2911.9400000000001,863878.125,874885.0694444445,62698.37161107234,816784.57841818407,932985.56047070492,1157.5706932039748
square256/workers4,context_forced,4,1,32,256,256,256,1,0,0,0,4,32,26386400,824575,2838.2200000000003,863878.125,874885.0694444445,62698.37161107234,816784.57841818407,932985.56047070492,1157.5706932039748
square256/workers4,context_forced,4,1,32,256,256,256,1,0,0,0,5,32,27644100,863878.125,2543.3399999999997,863878.125,874885.0694444445,62698.37161107234,816784.57841818407,932985.56047070492,1157.5706932039748
square256/workers4,context_forced,4,1,32,256,256,256,1,0,0,0,6,32,27546300,860821.875,2580.1999999999998,863878.125,874885.0694444445,62698.37161107234,816784.57841818407,932985.56047070492,1157.5706932039748
square256/workers4,context_forced,4,1,32,256,256,256,1,0,0,0,7,32,25861600,808175,2469.6200000000003,863878.125,874885.0694444445,62698.37161107234,816784.57841818407,932985.56047070492,1157.5706932039748
square256/workers4,context_forced,4,1,32,256,256,256,1,0,0,0,8,32,28044600,876393.75,3169.96,863878.125,874885.0694444445,62698.37161107234,816784.57841818407,932985.56047070492,1157.5706932039748
square128/workers2,serial,2,1,32,128,128,128,1,0,0,0,0,64,24548300,383567.1875,2580.1999999999998,352182.8125,354313.54166666669,43583.925353211773,313925.77083935711,394701.31249397626,2839.434420156435
square128/workers2,serial,2,1,32,128,128,128,1,0,0,0,1,64,24598800,384356.25,2543.3399999999997,352182.8125,354313.54166666669,43583.925353211773,313925.77083935711,394701.31249397626,2839.434420156435
square128/workers2,serial,2,1,32,128,128,128,1,0,0,0,2,64,19996100,312439.0625,2506.48,352182.8125,354313.54166666669,43583.925353211773,313925.77083935711,394701.31249397626,2839.434420156435
square128/workers2,serial,2,1,32,128,128,128,1,0,0,0,3,64,19820900,309701.5625,3133.0999999999999,352182.8125,354313.54166666669,43583.925353211773,313925.77083935711,394701.31249397626,2839.434420156435
square128/workers2,serial,2,1,32,128,128,128,1,0,0,0,4,64,19847200,310112.5,3133.0999999999999,352182.8125,354313.54166666669,43583.925353211773,313925.77083935711,394701.31249397626,2839.434420156435
square128/workers2,serial,2,1,32,128,128,128,1,0,0,0,5,64,22539700,352182.8125,3022.52,352182.8125,354313.54166666669,43583.925353211773,313925.77083935711,394701.31249397626,2839.434420156435
square128/workers2,serial,2,1,32,128,128,128,1,0,0,0,6,64,24123000,376921.875,2690.7799999999997,352182.8125,354313.54166666669,43583.925353211773,313925.77083935711,394701.31249397626,2839.434420156435
square128/workers2,serial,2,1,32,128,128,128,1,0,0,0,7,64,27789900,434217.1875,3059.3799999999997,352182.8125,354313.54166666669,43583.925353211773,313925.77083935711,394701.31249397626,2839.434420156435
square128/workers2,serial,2,1,32,128,128,128,1,0,0,0,8,64,20820700,325323.4375,2653.9200000000001,352182.8125,354313.54166666669,43583.925353211773,313925.77083935711,394701.31249397626,2839.434420156435
square128/workers2,context_default,2,1,32,128,128,128,1,0,0,0,0,128,23363500,182527.34375,2764.5,182527.34375,185658.94097222222,13787.342664032836,172882.67010355179,198435.21184089265,5478.631198236566
square128/workers2,context_default,2,1,32,128,128,128,1,0,0,0,1,128,21921100,171258.59375,2506.48,182527.34375,185658.94097222222,13787.342664032836,172882.67010355179,198435.21184089265,5478.631198236566
square128/workers2,context_default,2,1,32,128,128,128,1,0,0,0,2,128,26691700,208528.90625,2469.6200000000003,182527.34375,185658.94097222222,13787.342664032836,172882.67010355179,198435.21184089265,5478.631198236566
square128/workers2,context_default,2,1,32,128,128,128,1,0,0,0,3,128,22182100,173297.65625,2617.0599999999999,182527.34375,185658.94097222222,13787.342664032836,172882.67010355179,198435.21184089265,5478.631198236566
square128/workers2,context_default,2,1,32,128,128,128,1,0,0,0,4,128,23406000,182859.375,3022.52,182527.34375,185658.94097222222,13787.342664032836,172882.67010355179,198435.21184089265,5478.631198236566
square128/workers2,context_default,2,1,32,128,128,128,1,0,0,0,5,128,22238600,173739.0625,3133.0999999999999,182527.34375,185658.94097222222,13787.342664032836,172882.67010355179,198435.21184089265,5478.631198236566
square128/workers2,context_default,2,1,32,128,128,128,1,0,0,0,6,128,22855000,178554.6875,2838.2200000000003,182527.34375,185658.94097222222,13787.342664032836,172882.67010355179,198435.21184089265,5478.631198236566
square128/workers2,context_default,2,1,32,128,128,128,1,0,0,0,7,128,25307000,197710.9375,2690.7799999999997,182527.34375,185658.94097222222,13787.342664032836,172882.67010355179,198435.21184089265,5478.631198236566
square128/workers2,context_default,2,1,32,128,128,128,1,0,0,0,8,128,25914100,202453.90625,2875.0799999999999,182527.34375,185658.94097222222,13787.342664032836,172882.67010355179,198435.21184089265,5478.631198236566
square128/workers2,context_forced,2,1,32,128,128,128,1,0,0,0,0,128,22292100,174157.03125,2543.3399999999997,174374.21875,185742.36111111112,21359.932211213923,165948.82392871956,205535.89829350269,5734.7927186053703
square128/workers2,context_forced,2,1,32,128,128,128,1,0,0,0,1,128,24521900,191577.34375,2543.3399999999997,174374.21875,185742.36111111112,21359.932211213923,165948.82392871956,205535.89829350269,5734.7927186053703
square128/workers2,context_forced,2,1,32,128,128,128,1,0,0,0,2,128,22001900,171889.84375,2543.3399999999997,174374.21875,185742.36111111112,21359.932211213923,165948.82392871956,205535.89829350269,5734.7927186053703
square128/workers2,context_forced,2,1,32,128,128,128,1,0,0,0,3,128,22319900,174374.21875,2543.3399999999997,174374.21875,185742.36111111112,21359.932211213923,165948.82392871956,205535.89829350269,5734.7927186053703
square128/workers2,context_forced,2,1,32,128,128,128,1,0,0,0,4,128,23838100,186235.15625,3133.0999999999999,174374.21875,185742.36111111112,21359.932211213923,165948.82392871956,205535.89829350269,5734.7927186053703
square128/workers2,context_forced,2,1,32,128,128,128,1,0,0,0,5,128,24010500,187582.03125,3022.52,174374.21875,185742.36111111112,21359.932211213923,165948.82392871956,205535.89829350269,5734.7927186053703
square128/workers2,context_forced,2,1,32,128,128,128,1,0,0,0,6,128,22217100,173571.09375,3133.0999999999999,174374.21875,185742.36111111112,21359.932211213923,165948.82392871956,205535.89829350269,5734.7927186053703
square128/workers2,context_forced,2,1,32,128,128,128,1,0,0,0,7,128,30609000,239132.8125,2875.0799999999999,174374.21875,185742.36111111112,21359.932211213923,165948.82392871956,205535.89829350269,5734.7927186053703
square128/workers2,context_forced,2,1,32,128,128,128,1,0,0,0,8,128,22164700,173161.71875,2617.0599999999999,174374.21875,185742.36111111112,21359.932211213923,165948.82392871956,205535.89829350269,5734.7927186053703
square64/workers2,serial,2,1,32,64,64,64,1,0,0,0,0,512,22597500,44135.7421875,2617.0599999999999,43434.9609375,44377.256944444445,5275.4995372692756,39488.627373241587,49265.886515647304,23022.928498518348
square64/workers2,serial,2,1,32,64,64,64,1,0,0,0,1,512,26236900,51243.9453125,3206.8200000000002,43434.9609375,44377.256944444445,5275.4995372692756,39488.627373241587,49265.886515647304,23022.928498518348
square64/workers2,serial,2,1,32,64,64,64,1,0,0,0,2,512,20188900,39431.4453125,3169.96,43434.9609375,44377.256944444445,5275.4995372692756,39488.627373241587,49265.886515647304,23022.928498518348
square64/workers2,serial,2,1,32,64,64,64,1,0,0,0,3,512,19893700,38854.8828125,3243.6799999999998,43434.9609375,44377.256944444445,5275.4995372692756,39488.627373241587,49265.886515647304,23022.928498518348
square64/workers2,serial,2,1,32,64,64,64,1,0,0,0,4,512,27049200,52830.46875,2727.6399999999999,43434.9609375,44377.256944444445,5275.4995372692756,39488.627373241587,49265.886515647304,23022.928498518348
square64/workers2,serial,2,1,32,64,64,64,1,0,0,0,5,512,24808700,48454.4921875,2764.5,43434.9609375,44377.256944444445,5275.4995372692756,39488.627373241587,49265.886515647304,23022.928498518348
square64/workers2,serial,2,1,32,64,64,64,1,0,0,0,6,512,21184400,41375.78125,2801.3600000000001,43434.9609375,44377.256944444445,5275.4995372692756,39488.627373241587,49265.886515647304,23022.928498518348
square64/workers2,serial,2,1,32,64,64,64,1,0,0,0,7,512,22238700,43434.9609375,2727.6399999999999,43434.9609375,44377.256944444445,5275.4995372692756,39488.627373241587,49265.886515647304,23022.928498518348
square64/workers2,serial,2,1,32,64,64,64,1,0,0,0,8,512,20292400,39633.59375,2764.5,43434.9609375,44377.256944444445,5275.4995372692756,39488.627373241587,49265.886515647304,23022.928498518348
square64/workers2,context_default,2,1,32,64,64,64,1,0,0,0,0,1024,42021700,41036.81640625,2801.3600000000001,41036.81640625,43858.940972222219,5595.1694450234781,38674.08395316713,49043.797991277308,24368.362060554427
square64/workers2,context_default,2,1,32,64,64,64,1,0,0,0,1,1024,55727500,54421.38671875,3206.8200000000002,41036.81640625,43858.940972222219,5595.1694450234781,38674.08395316713,49043.797991277308,24368.362060554427
square64/workers2,context_default,2,1,32,64,64,64,1,0,0,0,2,1024,41545000,40571.2890625,3022.52,41036.81640625,43858.940972222219,5595.1694450234781,38674.08395316713,49043.797991277308,24368.362060554427
square64/workers2,context_default,2,1,32,64,64,64,1,0,0,0,3,1024,40233400,39290.4296875,2653.9200000000001,41036.81640625,43858.940972222219,5595.1694450234781,38674.08395316713,49043.797991277308,24368.362060554427
square64/workers2,context_default,2,1,32,64,64,64,1,0,0,0,4,1024,39829600,38896.09375,2543.3399999999997,41036.81640625,43858.940972222219,5595.1694450234781,38674.08395316713,49043.797991277308,24368.362060554427
square64/workers2,context_default,2,1,32,64,64,64,1,0,0,0,5,1024,48619800,47480.2734375,2948.8000000000002,41036.81640625,43858.940972222219,5595.1694450234781,38674.08395316713,49043.797991277308,24368.362060554427
square64/workers2,context_default,2,1,32,64,64,64,1,0,0,0,6,1024,51100900,49903.22265625,2506.48,41036.81640625,43858.940972222219,5595.1694450234781,38674.08395316713,49043.797991277308,24368.362060554427
square64/workers2,context_default,2,1,32,64,64,64,1,0,0,0,7,1024,39811500,38878.41796875,3022.52,41036.81640625,43858.940972222219,5595.1694450234781,38674.08395316713,49043.797991277308,24368.362060554427
square64/workers2,context_default,2,1,32,64,64,64,1,0,0,0,8,1024,45314600,44252.5390625,3538.5599999999999,41036.81640625,43858.940972222219,5595.1694450234781,38674.08395316713,49043.797991277308,24368.362060554427
square64/workers2,context_forced,2,1,32,64,64,64,1,0,0,0,0,1024,48066000,46939.453125,2911.9400000000001,36132.51953125,37488.151041666664,4462.4232875951502,33352.972128495159,41623.329954838169,27675.900074865473
square64/workers2,context_forced,2,1,32,64,64,64,1,0,0,0,1,1024,34754300,33939.74609375,3169.96,36132.51953125,37488.151041666664,4462.4232875951502,33352.972128495159,41623.329954838169,27675.900074865473
square64/workers2,context_forced,2,1,32,64,64,64,1,0,0,0,2,1024,36638300,35779.58984375,2911.9400000000001,36132.51953125,37488.151041666664,4462.4232875951502,33352.972128495159,41623.329954838169,27675.900074865473
square64/workers2,context_forced,2,1,32,64,64,64,1,0,0,0,3,1024,37863500,36976.07421875,3280.54,36132.51953125,37488.151041666664,4462.4232875951502,33352.972128495159,41623.329954838169,27675.900074865473
square64/workers2,context_forced,2,1,32,64,64,64,1,0,0,0,4,1024,37607600,36726.171875,2653.9200000000001,36132.51953125,37488.151041666664,4462.4232875951502,33352.972128495159,41623.329954838169,27675.900074865473
square64/workers2,context_forced,2,1,32,64,64,64,1,0,0,0,5,1024,43785400,42759.1796875,2838.2200000000003,36132.51953125,37488.151041666664,4462.4232875951502,33352.972128495159,41623.329954838169,27675.900074865473
square64/workers2,context_forced,2,1,32,64,64,64,1,0,0,0,6,1024,35467600,34636.328125,2690.7799999999997,36132.51953125,37488.151041666664,4462.4232875951502,33352.972128495159,41623.329954838169,27675.900074865473
square64/workers2,context_forced,2,1,32,64,64,64,1,0,0,0,7,1024,34308400,33504.296875,2801.3600000000001,36132.51953125,37488.151041666664,4462.4232875951502,33352.972128495159,41623.329954838169,27675.900074865473
square64/workers2,context_forced,2,1,32,64,64,64,1,0,0,0,8,1024,36999700,36132.51953125,2617.0599999999999,36132.51953125,37488.151041666664,4462.4232875951502,33352.972128495159,41623.329954838169,27675.900074865473
grain64,serial,4,1,64,128,128,128,1,0,0,0,0,128,49330800,385396.875,2580.1999999999998,329274.21875,354261.11111111112,49920.181834699382,308001.74261095637,400520.47961126588,3036.982378384278
grain64,serial,4,1,64,128,128,128,1,0,0,0,1,128,49456600,386379.6875,2432.7600000000002,329274.21875,354261.11111111112,49920.181834699382,308001.74261095637,400520.47961126588,3036.982378384278
grain64,serial,4,1,64,128,128,128,1,0,0,0,2,128,42147100,329274.21875,2727.6399999999999,329274.21875,354261.11111111112,49920.181834699382,308001.74261095637,400520.47961126588,3036.982378384278
grain64,serial,4,1,64,128,128,128,1,0,0,0,3,128,50542700,394864.84375,3280.54,329274.21875,354261.11111111112,49920.181834699382,308001.74261095637,400520.47961126588,3036.982378384278
grain64,serial,4,1,64,128,128,128,1,0,0,0,4,128,40255000,314492.1875,2764.5,329274.21875,354261.11111111112,49920.181834699382,308001.74261095637,400520.47961126588,3036.982378384278
grain64,serial,4,1,64,128,128,128,1,0,0,0,5,128,40055000,312929.6875,2653.9200000000001,329274.21875,354261.11111111112,49920.181834699382,308001.74261095637,400520.47961126588,3036.982378384278
grain64,serial,4,1,64,128,128,128,1,0,0,0,6,128,39486700,308489.84375,2653.9200000000001,329274.21875,354261.11111111112,49920.181834699382,308001.74261095637,400520.47961126588,3036.982378384278
grain64,serial,4,1,64,128,128,128,1,0,0,0,7,128,39771400,310714.0625,2690.7799999999997,329274.21875,354261.11111111112,49920.181834699382,308001.74261095637,400520.47961126588,3036.982378384278
grain64,serial,4,1,64,128,128,128,1,0,0,0,8,128,57063500,445808.59375,2875.0799999999999,329274.21875,354261.11111111112,49920.181834699382,308001.74261095637,400520.47961126588,3036.982378384278
grain64,context_default,4,1,64,128,128,128,1,0,0,0,0,128,24357900,190296.09375,2580.1999999999998,180992.96875,189830.90277777778,19904.447536284897,171386.11472748712,208275.69082806844,5525.0765093602568
grain64,context_default,4,1,64,128,128,128,1,0,0,0,1,128,26877200,209978.125,2985.6600000000003,180992.96875,189830.90277777778,19904.447536284897,171386.11472748712,208275.69082806844,5525.0765093602568
grain64,context_default,4,1,64,128,128,128,1,0,0,0,2,128,22188200,173345.3125,3022.52,180992.96875,189830.90277777778,19904.447536284897,171386.11472748712,208275.69082806844,5525.0765093602568
grain64,context_default,4,1,64,128,128,128,1,0,0,0,3,128,22402800,175021.875,2543.3399999999997,180992.96875,189830.90277777778,19904.447536284897,171386.11472748712,208275.69082806844,5525.0765093602568
grain64,context_default,4,1,64,128,128,128,1,0,0,0,4,128,29544100,230813.28125,3354.2600000000002,180992.96875,189830.90277777778,19904.447536284897,171386.11472748712,208275.69082806844,5525.0765093602568
grain64,context_default,4,1,64,128,128,128,1,0,0,0,5,128,23167100,180992.96875,2727.6399999999999,180992.96875,189830.90277777778,19904.447536284897,171386.11472748712,208275.69082806844,5525.0765093602568
grain64,context_default,4,1,64,128,128,128,1,0,0,0,6,128,22546600,176145.3125,2653.9200000000001,180992.96875,189830.90277777778,19904.447536284897,171386.11472748712,208275.69082806844,5525.0765093602568
grain64,context_default,4,1,64,128,128,128,1,0,0,0,7,128,22240600,173754.6875,2543.3399999999997,180992.96875,189830.90277777778,19904.447536284897,171386.11472748712,208275.69082806844,5525.0765093602568
grain64,context_default,4,1,64,128,128,128,1,0,0,0,8,128,25360700,198130.46875,2875.0799999999999,180992.96875,189830.90277777778,19904.447536284897,171386.11472748712,208275.69082806844,5525.0765093602568
grain64,context_forced,4,1,64,128,128,128,1,0,0,0,0,128,23040500,180003.90625,2690.7799999999997,175907.8125,176791.75347222222,3183.091843850536,173842.08836358739,179741.41858085705,5684.7958358870501
grain64,context_forced,4,1,64,128,128,128,1,0,0,0,1,128,22419600,175153.125,2432.7600000000002,175907.8125,176791.75347222222,3183.091843850536,173842.08836358739,179741.41858085705,5684.7958358870501
grain64,context_forced,4,1,64,128,128,128,1,0,0,0,2,128,23275100,181836.71875,2580.1999999999998,175907.8125,176791.75347222222,3183.091843850536,173842.08836358739,179741.41858085705,5684.7958358870501
grain64,context_forced,4,1,64,128,128,128,1,0,0,0,3,128,22988600,179598.4375,3059.3799999999997,175907.8125,176791.75347222222,3183.091843850536,173842.08836358739,179741.41858085705,5684.7958358870501
grain64,context_forced,4,1,64,128,128,128,1,0,0,0,4,128,22787800,178029.6875,2911.9400000000001,175907.8125,176791.75347222222,3183.091843850536,173842.08836358739,179741.41858085705,5684.7958358870501
grain64,context_forced,4,1,64,128,128,128,1,0,0,0,5,128,22137000,172945.3125,2911.9400000000001,175907.8125,176791.75347222222,3183.091843850536,173842.08836358739,179741.41858085705,5684.7958358870501
grain64,context_forced,4,1,64,128,128,128,1,0,0,0,6,128,22261400,173917.1875,2948.8000000000002,175907.8125,176791.75347222222,3183.091843850536,173842.08836358739,179741.41858085705,5684.7958358870501
grain64,context_forced,4,1,64,128,128,128,1,0,0,0,7,128,22516200,175907.8125,2764.5,175907.8125,176791.75347222222,3183.091843850536,173842.08836358739,179741.41858085705,5684.7958358870501
grain64,context_forced,4,1,64,128,128,128,1,0,0,0,8,128,22237900,173733.59375,2801.3600000000001,175907.8125,176791.75347222222,3183.091843850536,173842.08836358739,179741.41858085705,5684.7958358870501
