case,variant,workers,callers,grain,rows,inner,columns,batches,nested,padded,pool_spin_us,sample,iterations,elapsed_ns,ns_per_call,cpu_mhz,median,mean,stddev,ci95_mean_low,ci95_mean_high,throughput_calls_s
near_cutoff48,serial,4,1,16,48,48,48,1,0,0,0,0,1024,35298500,34471.19140625,2727.6399999999999,34788.671875,35095.572916666664,659.61413092493012,34484.330488676227,35706.815344657101,28744.989276771579
near_cutoff48,serial,4,1,16,48,48,48,1,0,0,0,1,1024,36328500,35477.05078125,2801.3600000000001,34788.671875,35095.572916666664,659.61413092493012,34484.330488676227,35706.815344657101,28744.989276771579
near_cutoff48,serial,4,1,16,48,48,48,1,0,0,0,2,1024,35471000,34639.6484375,2985.6600000000003,34788.671875,35095.572916666664,659.61413092493012,34484.330488676227,35706.815344657101,28744.989276771579
near_cutoff48,serial,4,1,16,48,48,48,1,0,0,0,3,1024,35623600,34788.671875,2801.3600000000001,34788.671875,35095.572916666664,659.61413092493012,34484.330488676227,35706.815344657101,28744.989276771579
near_cutoff48,serial,4,1,16,48,48,48,1,0,0,0,4,1024,35417300,34587.20703125,2911.9400000000001,34788.671875,35095.572916666664,659.61413092493012,34484.330488676227,35706.815344657101,28744.989276771579
near_cutoff48,serial,4,1,16,48,48,48,1,0,0,0,5,1024,36409300,35555.95703125,2875.0799999999999,34788.671875,35095.572916666664,659.61413092493012,34484.330488676227,35706.815344657101,28744.989276771579
near_cutoff48,serial,4,1,16,48,48,48,1,0,0,0,6,1024,37408500,36531.73828125,3317.4000000000001,34788.671875,35095.572916666664,659.61413092493012,34484.330488676227,35706.815344657101,28744.989276771579
near_cutoff48,serial,4,1,16,48,48,48,1,0,0,0,7,1024,35602400,34767.96875,2727.6399999999999,34788.671875,35095.572916666664,659.61413092493012,34484.330488676227,35706.815344657101,28744.989276771579
near_cutoff48,serial,4,1,16,48,48,48,1,0,0,0,8,1024,35881700,35040.72265625,2727.6399999999999,34788.671875,35095.572916666664,659.61413092493012,34484.330488676227,35706.815344657101,28744.989276771579
near_cutoff48,context_default,4,1,16,48,48,48,1,0,0,0,0,1024,36807100,35944.43359375,2727.6399999999999,35150.87890625,35295.475260416664,611.76708123071751,34728.571098476197,35862.379422357131,28448.790787481419
near_cutoff48,context_default,4,1,16,48,48,48,1,0,0,0,1,1024,36316100,35464.94140625,3133.0999999999999,35150.87890625,35295.475260416664,611.76708123071751,34728.571098476197,35862.379422357131,28448.790787481419
near_cutoff48,context_default,4,1,16,48,48,48,1,0,0,0,2,1024,35994500,35150.87890625,2690.7799999999997,35150.87890625,35295.475260416664,611.76708123071751,34728.571098476197,35862.379422357131,28448.790787481419
near_cutoff48,context_default,4,1,16,48,48,48,1,0,0,0,3,1024,35378900,34549.70703125,2801.3600000000001,35150.87890625,35295.475260416664,611.76708123071751,34728.571098476197,35862.379422357131,28448.790787481419
near_cutoff48,context_default,4,1,16,48,48,48,1,0,0,0,4,1024,35953800,35111.1328125,2653.9200000000001,35150.87890625,35295.475260416664,611.76708123071751,34728.571098476197,35862.379422357131,28448.790787481419
near_cutoff48,context_default,4,1,16,48,48,48,1,0,0,0,5,1024,36252000,35402.34375,2838.2200000000003,35150.87890625,35295.475260416664,611.76708123071751,34728.571098476197,35862.379422357131,28448.790787481419
near_cutoff48,context_default,4,1,16,48,48,48,1,0,0,0,6,1024,35438200,34607.6171875,2764.5,35150.87890625,35295.475260416664,611.76708123071751,34728.571098476197,35862.379422357131,28448.790787481419
near_cutoff48,context_default,4,1,16,48,48,48,1,0,0,0,7,1024,35812500,34973.14453125,2801.3600000000001,35150.87890625,35295.475260416664,611.76708123071751,34728.571098476197,35862.379422357131,28448.790787481419
near_cutoff48,context_default,4,1,16,48,48,48,1,0,0,0,8,1024,37330000,36455.078125,2653.9200000000001,35150.87890625,35295.475260416664,611.76708123071751,34728.571098476197,35862.379422357131,28448.790787481419
near_cutoff48,context_forced,4,1,16,48,48,48,1,0,0,0,0,1024,26688100,26062.59765625,2801.3600000000001,26704.78515625,28499.077690972223,3835.0527462418995,24945.262146121397,32052.893235823049,37446.47238871194
near_cutoff48,context_forced,4,1,16,48,48,48,1,0,0,0,1,1024,27681400,27032.6171875,2801.3600000000001,26704.78515625,28499.077690972223,3835.0527462418995,24945.262146121397,32052.893235823049,37446.47238871194
near_cutoff48,context_forced,4,1,16,48,48,48,1,0,0,0,2,1024,26632100,26007.91015625,2690.7799999999997,26704.78515625,28499.077690972223,3835.0527462418995,24945.262146121397,32052.893235823049,37446.47238871194
near_cutoff48,context_forced,4,1,16,48,48,48,1,0,0,0,3,1024,29368800,28680.46875,2801.3600000000001,26704.78515625,28499.077690972223,3835.0527462418995,24945.262146121397,32052.893235823049,37446.47238871194
near_cutoff48,context_forced,4,1,16,48,48,48,1,0,0,0,4,1024,27345700,26704.78515625,2875.0799999999999,26704.78515625,28499.077690972223,3835.0527462418995,24945.262146121397,32052.893235823049,37446.47238871194
near_cutoff48,context_forced,4,1,16,48,48,48,1,0,0,0,5,1024,26915500,26284.66796875,3206.8200000000002,26704.78515625,28499.077690972223,3835.0527462418995,24945.262146121397,32052.893235823049,37446.47238871194
near_cutoff48,context_forced,4,1,16,48,48,48,1,0,0,0,6,1024,34587900,33777.24609375,3206.8200000000002,26704.78515625,28499.077690972223,3835.0527462418995,24945.262146121397,32052.893235823049,37446.47238871194
near_cutoff48,context_forced,4,1,16,48,48,48,1,0,0,0,7,1024,26337500,25720.21484375,2653.9200000000001,26704.78515625,28499.077690972223,3835.0527462418995,24945.262146121397,32052.893235823049,37446.47238871194
near_cutoff48,context_forced,4,1,16,48,48,48,1,0,0,0,8,1024,37090500,36221.19140625,2985.6600000000003,26704.78515625,28499.077690972223,3835.0527462418995,24945.262146121397,32052.893235823049,37446.47238871194
square32/workers2,serial,2,1,32,32,32,32,1,0,0,0,0,2048,22015600,10749.8046875,2727.6399999999999,10890.234375,10953.922526041666,246.79476725906054,10725.226041714937,11182.619010368395,91825.388285089139
square32/workers2,serial,2,1,32,32,32,32,1,0,0,0,1,2048,22592700,11031.591796875,2801.3600000000001,10890.234375,10953.922526041666,246.79476725906054,10725.226041714937,11182.619010368395,91825.388285089139
square32/workers2,serial,2,1,32,32,32,32,1,0,0,0,2,2048,22418800,10946.6796875,2469.6200000000003,10890.234375,10953.922526041666,246.79476725906054,10725.226041714937,11182.619010368395,91825.388285089139
square32/workers2,serial,2,1,32,32,32,32,1,0,0,0,3,2048,23235600,11345.5078125,2469.6200000000003,10890.234375,10953.922526041666,246.79476725906054,10725.226041714937,11182.619010368395,91825.388285089139
square32/workers2,serial,2,1,32,32,32,32,1,0,0,0,4,2048,23248600,11351.85546875,2580.1999999999998,10890.234375,10953.922526041666,246.79476725906054,10725.226041714937,11182.619010368395,91825.388285089139
square32/workers2,serial,2,1,32,32,32,32,1,0,0,0,5,2048,21944800,10715.234375,2617.0599999999999,10890.234375,10953.922526041666,246.79476725906054,10725.226041714937,11182.619010368395,91825.388285089139
square32/workers2,serial,2,1,32,32,32,32,1,0,0,0,6,2048,21976400,10730.6640625,2580.1999999999998,10890.234375,10953.922526041666,246.79476725906054,10725.226041714937,11182.619010368395,91825.388285089139
square32/workers2,serial,2,1,32,32,32,32,1,0,0,0,7,2048,22303200,10890.234375,2690.7799999999997,10890.234375,10953.922526041666,246.79476725906054,10725.226041714937,11182.619010368395,91825.388285089139
square32/workers2,serial,2,1,32,32,32,32,1,0,0,0,8,2048,22167000,10823.73046875,2690.7799999999997,10890.234375,10953.922526041666,246.79476725906054,10725.226041714937,11182.619010368395,91825.388285089139
square32/workers2,context_default,2,1,32,32,32,32,1,0,0,0,0,2048,22603200,11036.71875,2838.2200000000003,10752.44140625,10787.147352430555,119.72979537252735,10676.197742052012,10898.096962809097,93002.134326324871
square32/workers2,context_default,2,1,32,32,32,32,1,0,0,0,1,2048,22134100,10807.666015625,2875.0799999999999,10752.44140625,10787.147352430555,119.72979537252735,10676.197742052012,10898.096962809097,93002.134326324871
square32/workers2,context_default,2,1,32,32,32,32,1,0,0,0,2,2048,22302500,10889.892578125,2469.6200000000003,10752.44140625,10787.147352430555,119.72979537252735,10676.197742052012,10898.096962809097,93002.134326324871
square32/workers2,context_default,2,1,32,32,32,32,1,0,0,0,3,2048,21946500,10716.064453125,2580.1999999999998,10752.44140625,10787.147352430555,119.72979537252735,10676.197742052012,10898.096962809097,93002.134326324871
square32/workers2,context_default,2,1,32,32,32,32,1,0,0,0,4,2048,21997400,10740.91796875,2653.9200000000001,10752.44140625,10787.147352430555,119.72979537252735,10676.197742052012,10898.096962809097,93002.134326324871
square32/workers2,context_default,2,1,32,32,32,32,1,0,0,0,5,2048,22099600,10790.8203125,2617.0599999999999,10752.44140625,10787.147352430555,119.72979537252735,10676.197742052012,10898.096962809097,93002.134326324871
square32/workers2,context_default,2,1,32,32,32,32,1,0,0,0,6,2048,21990200,10737.40234375,2653.9200000000001,10752.44140625,10787.147352430555,119.72979537252735,10676.197742052012,10898.096962809097,93002.134326324871
square32/workers2,context_default,2,1,32,32,32,32,1,0,0,0,7,2048,22021000,10752.44140625,2727.6399999999999,10752.44140625,10787.147352430555,119.72979537252735,10676.197742052012,10898.096962809097,93002.134326324871
square32/workers2,context_default,2,1,32,32,32,32,1,0,0,0,8,2048,21734200,10612.40234375,2580.1999999999998,10752.44140625,10787.147352430555,119.72979537252735,10676.197742052012,10898.096962809097,93002.134326324871
square32/workers2,context_forced,2,1,32,32,32,32,1,0,0,0,0,2048,22347800,10912.01171875,2801.3600000000001,10912.01171875,10921.158854166666,130.86562867665504,10799.890038259633,11042.427670073699,91642.130321552904
square32/workers2,context_forced,2,1,32,32,32,32,1,0,0,0,1,2048,22951400,11206.73828125,2875.0799999999999,10912.01171875,10921.158854166666,130.86562867665504,10799.890038259633,11042.427670073699,91642.130321552904
square32/workers2,context_forced,2,1,32,32,32,32,1,0,0,0,2,2048,22180200,10830.17578125,2543.3399999999997,10912.01171875,10921.158854166666,130.86562867665504,10799.890038259633,11042.427670073699,91642.130321552904
square32/workers2,context_forced,2,1,32,32,32,32,1,0,0,0,3,2048,22479500,10976.318359375,2543.3399999999997,10912.01171875,10921.158854166666,130.86562867665504,10799.890038259633,11042.427670073699,91642.130321552904
square32/workers2,context_forced,2,1,32,32,32,32,1,0,0,0,4,2048,22198200,10838.96484375,2580.1999999999998,10912.01171875,10921.158854166666,130.86562867665504,10799.890038259633,11042.427670073699,91642.130321552904
square32/workers2,context_forced,2,1,32,32,32,32,1,0,0,0,5,2048,22423600,10949.0234375,2580.1999999999998,10912.01171875,10921.158854166666,130.86562867665504,10799.890038259633,11042.427670073699,91642.130321552904
square32/workers2,context_forced,2,1,32,32,32,32,1,0,0,0,6,2048,22339100,10907.763671875,2580.1999999999998,10912.01171875,10921.158854166666,130.86562867665504,10799.890038259633,11042.427670073699,91642.130321552904
square32/workers2,context_forced,2,1,32,32,32,32,1,0,0,0,7,2048,21977700,10731.298828125,2690.7799999999997,10912.01171875,10921.158854166666,130.86562867665504,10799.890038259633,11042.427670073699,91642.130321552904
square32/workers2,context_forced,2,1,32,32,32,32,1,0,0,0,8,2048,22401300,10938.134765625,2580.1999999999998,10912.01171875,10921.158854166666,130.86562867665504,10799.890038259633,11042.427670073699,91642.130321552904
small_grain16,serial,4,1,1,16,16,16,1,0,0,0,0,16384,34081700,2080.181884765625,2875.0799999999999,2081.55517578125,2343.9432779947915,691.43570694431867,1703.2128562263897,2984.6736997631933,480410.0374733904
small_grain16,serial,4,1,1,16,16,16,1,0,0,0,1,16384,34172500,2085.723876953125,3317.4000000000001,2081.55517578125,2343.9432779947915,691.43570694431867,1703.2128562263897,2984.6736997631933,480410.0374733904
small_grain16,serial,4,1,1,16,16,16,1,0,0,0,2,16384,34104200,2081.55517578125,3096.2399999999998,2081.55517578125,2343.9432779947915,691.43570694431867,1703.2128562263897,2984.6736997631933,480410.0374733904
small_grain16,serial,4,1,1,16,16,16,1,0,0,0,3,16384,47142100,2877.325439453125,3059.3799999999997,2081.55517578125,2343.9432779947915,691.43570694431867,1703.2128562263897,2984.6736997631933,480410.0374733904
small_grain16,serial,4,1,1,16,16,16,1,0,0,0,4,16384,32331400,1973.35205078125,2764.5,2081.55517578125,2343.9432779947915,691.43570694431867,1703.2128562263897,2984.6736997631933,480410.0374733904
small_grain16,serial,4,1,1,16,16,16,1,0,0,0,5,16384,28926000,1765.5029296875,2801.3600000000001,2081.55517578125,2343.9432779947915,691.43570694431867,1703.2128562263897,2984.6736997631933,480410.0374733904
small_grain16,serial,4,1,1,16,16,16,1,0,0,0,6,16384,27582200,1683.48388671875,2506.48,2081.55517578125,2343.9432779947915,691.43570694431867,1703.2128562263897,2984.6736997631933,480410.0374733904
small_grain16,serial,4,1,1,16,16,16,1,0,0,0,7,16384,63311100,3864.202880859375,2985.6600000000003,2081.55517578125,2343.9432779947915,691.43570694431867,1703.2128562263897,2984.6736997631933,480410.0374733904
small_grain16,serial,4,1,1,16,16,16,1,0,0,0,8,16384,43977300,2684.161376953125,2469.6200000000003,2081.55517578125,2343.9432779947915,691.43570694431867,1703.2128562263897,2984.6736997631933,480410.0374733904
small_grain16,context_default,4,1,1,16,16,16,1,0,0,0,0,16384,26394900,1611.016845703125,2801.3600000000001,2349.920654296875,2299.76806640625,526.64381293995802,1811.7447997485556,2787.7913330639444,425546.28309321031
small_grain16,context_default,4,1,1,16,16,16,1,0,0,0,1,16384,38501100,2349.920654296875,2690.7799999999997,2349.920654296875,2299.76806640625,526.64381293995802,1811.7447997485556,2787.7913330639444,425546.28309321031
small_grain16,context_default,4,1,1,16,16,16,1,0,0,0,2,16384,33971000,2073.42529296875,2727.6399999999999,2349.920654296875,2299.76806640625,526.64381293995802,1811.7447997485556,2787.7913330639444,425546.28309321031
small_grain16,context_default,4,1,1,16,16,16,1,0,0,0,3,16384,39988800,2440.72265625,3391.1200000000003,2349.920654296875,2299.76806640625,526.64381293995802,1811.7447997485556,2787.7913330639444,425546.28309321031
small_grain16,context_default,4,1,1,16,16,16,1,0,0,0,4,16384,42038000,2565.7958984375,2690.7799999999997,2349.920654296875,2299.76806640625,526.64381293995802,1811.7447997485556,2787.7913330639444,425546.28309321031
small_grain16,context_default,4,1,1,16,16,16,1,0,0,0,5,16384,27703500,1690.887451171875,2875.0799999999999,2349.920654296875,2299.76806640625,526.64381293995802,1811.7447997485556,2787.7913330639444,425546.28309321031
small_grain16,context_default,4,1,1,16,16,16,1,0,0,0,6,16384,32966000,2012.0849609375,2838.2200000000003,2349.920654296875,2299.76806640625,526.64381293995802,1811.7447997485556,2787.7913330639444,425546.28309321031
small_grain16,context_default,4,1,1,16,16,16,1,0,0,0,7,16384,43229200,2638.5009765625,2838.2200000000003,2349.920654296875,2299.76806640625,526.64381293995802,1811.7447997485556,2787.7913330639444,425546.28309321031
small_grain16,context_default,4,1,1,16,16,16,1,0,0,0,8,16384,54322100,3315.557861328125,2653.9200000000001,2349.920654296875,2299.76806640625,526.64381293995802,1811.7447997485556,2787.7913330639444,425546.28309321031
small_grain16,context_forced,4,1,1,16,16,16,1,0,0,0,0,8192,34239600,4179.638671875,2875.0799999999999,5549.81689453125,5990.7497829861113,1858.9230208340773,4268.1477836798667,7713.3517822923559,180186.12487655095
small_grain16,context_forced,4,1,1,16,16,16,1,0,0,0,1,8192,39052800,4767.1875,3133.0999999999999,5549.81689453125,5990.7497829861113,1858.9230208340773,4268.1477836798667,7713.3517822923559,180186.12487655095
small_grain16,context_forced,4,1,1,16,16,16,1,0,0,0,2,8192,35980400,4392.138671875,3133.0999999999999,5549.81689453125,5990.7497829861113,1858.9230208340773,4268.1477836798667,7713.3517822923559,180186.12487655095
small_grain16,context_forced,4,1,1,16,16,16,1,0,0,0,3,8192,45464100,5549.81689453125,2911.9400000000001,5549.81689453125,5990.7497829861113,1858.9230208340773,4268.1477836798667,7713.3517822923559,180186.12487655095
small_grain16,context_forced,4,1,1,16,16,16,1,0,0,0,4,8192,69472000,8480.46875,2617.0599999999999,5549.81689453125,5990.7497829861113,1858.9230208340773,4268.1477836798667,7713.3517822923559,180186.12487655095
small_grain16,context_forced,4,1,1,16,16,16,1,0,0,0,5,8192,30537500,3727.72216796875,2875.0799999999999,5549.81689453125,5990.7497829861113,1858.9230208340773,4268.1477836798667,7713.3517822923559,180186.12487655095
small_grain16,context_forced,4,1,1,16,16,16,1,0,0,0,6,8192,58425200,7131.982421875,2580.1999999999998,5549.81689453125,5990.7497829861113,1858.9230208340773,4268.1477836798667,7713.3517822923559,180186.12487655095
small_grain16,context_forced,4,1,1,16,16,16,1,0,0,0,7,8192,59671000,7284.0576171875,2727.6399999999999,5549.81689453125,5990.7497829861113,1858.9230208340773,4268.1477836798667,7713.3517822923559,180186.12487655095
small_grain16,context_forced,4,1,1,16,16,16,1,0,0,0,8,8192,68843400,8403.7353515625,2617.0599999999999,5549.81689453125,5990.7497829861113,1858.9230208340773,4268.1477836798667,7713.3517822923559,180186.12487655095
square16/workers2,serial,2,1,32,16,16,16,1,0,0,0,0,16384,43107900,2631.097412109375,2506.48,1938.73291015625,1976.79443359375,451.11536443085396,1558.7608625544922,2394.8280046330078,515800.80719804054
square16/workers2,serial,2,1,32,16,16,16,1,0,0,0,1,16384,33469100,2042.791748046875,2506.48,1938.73291015625,1976.79443359375,451.11536443085396,1558.7608625544922,2394.8280046330078,515800.80719804054
square16/workers2,serial,2,1,32,16,16,16,1,0,0,0,2,16384,26466800,1615.4052734375,2727.6399999999999,1938.73291015625,1976.79443359375,451.11536443085396,1558.7608625544922,2394.8280046330078,515800.80719804054
square16/workers2,serial,2,1,32,16,16,16,1,0,0,0,3,16384,25602000,1562.6220703125,2580.1999999999998,1938.73291015625,1976.79443359375,451.11536443085396,1558.7608625544922,2394.8280046330078,515800.80719804054
square16/workers2,serial,2,1,32,16,16,16,1,0,0,0,4,16384,26040300,1589.373779296875,2469.6200000000003,1938.73291015625,1976.79443359375,451.11536443085396,1558.7608625544922,2394.8280046330078,515800.80719804054
square16/workers2,serial,2,1,32,16,16,16,1,0,0,0,5,16384,31764200,1938.73291015625,2285.3200000000002,1938.73291015625,1976.79443359375,451.11536443085396,1558.7608625544922,2394.8280046330078,515800.80719804054
square16/workers2,serial,2,1,32,16,16,16,1,0,0,0,6,16384,26844900,1638.482666015625,2690.7799999999997,1938.73291015625,1976.79443359375,451.11536443085396,1558.7608625544922,2394.8280046330078,515800.80719804054
square16/workers2,serial,2,1,32,16,16,16,1,0,0,0,7,16384,45357900,2768.426513671875,2322.1799999999998,1938.73291015625,1976.79443359375,451.11536443085396,1558.7608625544922,2394.8280046330078,515800.80719804054
square16/workers2,serial,2,1,32,16,16,16,1,0,0,0,8,16384,32837100,2004.217529296875,2617.0599999999999,1938.73291015625,1976.79443359375,451.11536443085396,1558.7608625544922,2394.8280046330078,515800.80719804054
square16/workers2,context_default,2,1,32,16,16,16,1,0,0,0,0,16384,37454600,2286.04736328125,2322.1799999999998,2012.841796875,2171.2632921006943,614.6193256049213,1601.7160503734672,2740.8105338279215,496810.0332338743
square16/workers2,context_default,2,1,32,16,16,16,1,0,0,0,1,16384,27962000,1706.6650390625,2653.9200000000001,2012.841796875,2171.2632921006943,614.6193256049213,1601.7160503734672,2740.8105338279215,496810.0332338743
square16/workers2,context_default,2,1,32,16,16,16,1,0,0,0,2,16384,25746700,1571.453857421875,2653.9200000000001,2012.841796875,2171.2632921006943,614.6193256049213,1601.7160503734672,2740.8105338279215,496810.0332338743
square16/workers2,context_default,2,1,32,16,16,16,1,0,0,0,3,16384,28865100,1761.785888671875,2359.04,2012.841796875,2171.2632921006943,614.6193256049213,1601.7160503734672,2740.8105338279215,496810.0332338743
square16/workers2,context_default,2,1,32,16,16,16,1,0,0,0,4,16384,25772700,1573.040771484375,2580.1999999999998,2012.841796875,2171.2632921006943,614.6193256049213,1601.7160503734672,2740.8105338279215,496810.0332338743
square16/workers2,context_default,2,1,32,16,16,16,1,0,0,0,5,16384,42785200,2611.4013671875,2543.3399999999997,2012.841796875,2171.2632921006943,614.6193256049213,1601.7160503734672,2740.8105338279215,496810.0332338743
square16/workers2,context_default,2,1,32,16,16,16,1,0,0,0,6,16384,32978400,2012.841796875,2690.7799999999997,2012.841796875,2171.2632921006943,614.6193256049213,1601.7160503734672,2740.8105338279215,496810.0332338743
square16/workers2,context_default,2,1,32,16,16,16,1,0,0,0,7,16384,55486100,3386.602783203125,2653.9200000000001,2012.841796875,2171.2632921006943,614.6193256049213,1601.7160503734672,2740.8105338279215,496810.0332338743
square16/workers2,context_default,2,1,32,16,16,16,1,0,0,0,8,16384,43115000,2631.53076171875,2543.3399999999997,2012.841796875,2171.2632921006943,614.6193256049213,1601.7160503734672,2740.8105338279215,496810.0332338743
square16/workers2,context_forced,2,1,32,16,16,16,1,0,0,0,0,16384,41326900,2522.393798828125,2543.3399999999997,2129.62646484375,2392.49267578125,807.3727792174775,1644.3272337063875,3140.6581178561128,469565.91520070616
square16/workers2,context_forced,2,1,32,16,16,16,1,0,0,0,1,16384,42792400,2611.8408203125,2580.1999999999998,2129.62646484375,2392.49267578125,807.3727792174775,1644.3272337063875,3140.6581178561128,469565.91520070616
square16/workers2,context_forced,2,1,32,16,16,16,1,0,0,0,2,16384,27258800,1663.7451171875,2580.1999999999998,2129.62646484375,2392.49267578125,807.3727792174775,1644.3272337063875,3140.6581178561128,469565.91520070616
square16/workers2,context_forced,2,1,32,16,16,16,1,0,0,0,3,16384,25757000,1572.08251953125,2359.04,2129.62646484375,2392.49267578125,807.3727792174775,1644.3272337063875,3140.6581178561128,469565.91520070616
square16/workers2,context_forced,2,1,32,16,16,16,1,0,0,0,4,16384,28115600,1716.0400390625,2543.3399999999997,2129.62646484375,2392.49267578125,807.3727792174775,1644.3272337063875,3140.6581178561128,469565.91520070616
square16/workers2,context_forced,2,1,32,16,16,16,1,0,0,0,5,16384,62429800,3810.41259765625,2617.0599999999999,2129.62646484375,2392.49267578125,807.3727792174775,1644.3272337063875,3140.6581178561128,469565.91520070616
square16/workers2,context_forced,2,1,32,16,16,16,1,0,0,0,6,16384,32692700,1995.404052734375,2948.8000000000002,2129.62646484375,2392.49267578125,807.3727792174775,1644.3272337063875,3140.6581178561128,469565.91520070616
square16/workers2,context_forced,2,1,32,16,16,16,1,0,0,0,7,16384,57522400,3510.888671875,2617.0599999999999,2129.62646484375,2392.49267578125,807.3727792174775,1644.3272337063875,3140.6581178561128,469565.91520070616
square16/workers2,context_forced,2,1,32,16,16,16,1,0,0,0,8,16384,34891800,2129.62646484375,2543.3399999999997,2129.62646484375,2392.49267578125,807.3727792174775,1644.3272337063875,3140.6581178561128,469565.91520070616
grain64,serial,4,1,64,128,128,128,1,0,0,0,0,16,15059800,941237.5,2838.2200000000003,940668.75,980140.27777777775,207713.04180397547,787659.52570609376,1172621.0298494617,1063.073478309979
grain64,serial,4,1,64,128,128,128,1,0,0,0,1,16,13386100,836631.25,3280.54,940668.75,980140.27777777775,207713.04180397547,787659.52570609376,1172621.0298494617,1063.073478309979
grain64,serial,4,1,64,128,128,128,1,0,0,0,2,16,13353700,834606.25,3280.54,940668.75,980140.27777777775,207713.04180397547,787659.52570609376,1172621.0298494617,1063.073478309979
grain64,serial,4,1,64,128,128,128,1,0,0,0,3,16,16377600,1023600,2875.0799999999999,940668.75,980140.27777777775,207713.04180397547,787659.52570609376,1172621.0298494617,1063.073478309979
grain64,serial,4,1,64,128,128,128,1,0,0,0,4,16,13338500,833656.25,2764.5,940668.75,980140.27777777775,207713.04180397547,787659.52570609376,1172621.0298494617,1063.073478309979
grain64,serial,4,1,64,128,128,128,1,0,0,0,5,16,12367000,772937.5,2948.8000000000002,940668.75,980140.27777777775,207713.04180397547,787659.52570609376,1172621.0298494617,1063.073478309979
grain64,serial,4,1,64,128,128,128,1,0,0,0,6,16,20350300,1271893.75,2727.6399999999999,940668.75,980140.27777777775,207713.04180397547,787659.52570609376,1172621.0298494617,1063.073478309979
grain64,serial,4,1,64,128,128,128,1,0,0,0,7,16,15050700,940668.75,3059.3799999999997,940668.75,980140.27777777775,207713.04180397547,787659.52570609376,1172621.0298494617,1063.073478309979
grain64,serial,4,1,64,128,128,128,1,0,0,0,8,16,21856500,1366031.25,2801.3600000000001,940668.75,980140.27777777775,207713.04180397547,787659.52570609376,1172621.0298494617,1063.073478309979
grain64,context_default,4,1,64,128,128,128,1,0,0,0,0,64,29974100,468345.3125,2690.7799999999997,451796.875,453951.73611111112,9993.8731366406373,444690.74700449081,463212.72521773144,2213.3840567179664
grain64,context_default,4,1,64,128,128,128,1,0,0,0,1,64,29720300,464379.6875,2764.5,451796.875,453951.73611111112,9993.8731366406373,444690.74700449081,463212.72521773144,2213.3840567179664
grain64,context_default,4,1,64,128,128,128,1,0,0,0,2,64,28365600,443212.5,2911.9400000000001,451796.875,453951.73611111112,9993.8731366406373,444690.74700449081,463212.72521773144,2213.3840567179664
grain64,context_default,4,1,64,128,128,128,1,0,0,0,3,64,28385000,443515.625,2690.7799999999997,451796.875,453951.73611111112,9993.8731366406373,444690.74700449081,463212.72521773144,2213.3840567179664
grain64,context_default,4,1,64,128,128,128,1,0,0,0,4,64,28406600,443853.125,2875.0799999999999,451796.875,453951.73611111112,9993.8731366406373,444690.74700449081,463212.72521773144,2213.3840567179664
grain64,context_default,4,1,64,128,128,128,1,0,0,0,5,64,28915000,451796.875,2985.6600000000003,451796.875,453951.73611111112,9993.8731366406373,444690.74700449081,463212.72521773144,2213.3840567179664
grain64,context_default,4,1,64,128,128,128,1,0,0,0,6,64,28977000,452765.625,2727.6399999999999,451796.875,453951.73611111112,9993.8731366406373,444690.74700449081,463212.72521773144,2213.3840567179664
grain64,context_default,4,1,64,128,128,128,1,0,0,0,7,64,29825300,466020.3125,2727.6399999999999,451796.875,453951.73611111112,9993.8731366406373,444690.74700449081,463212.72521773144,2213.3840567179664
grain64,context_default,4,1,64,128,128,128,1,0,0,0,8,64,28907300,451676.5625,2875.0799999999999,451796.875,453951.73611111112,9993.8731366406373,444690.74700449081,463212.72521773144,2213.3840567179664
grain64,context_forced,4,1,64,128,128,128,1,0,0,0,0,32,18036100,563628.125,2838.2200000000003,464768.75,485198.26388888888,47027.078617729836,441619.8377031259,528776.69007465185,2151.6076543442305
grain64,context_forced,4,1,64,128,128,128,1,0,0,0,1,32,14649600,457800,2506.48,464768.75,485198.26388888888,47027.078617729836,441619.8377031259,528776.69007465185,2151.6076543442305
grain64,context_forced,4,1,64,128,128,128,1,0,0,0,2,32,16142500,504453.125,3280.54,464768.75,485198.26388888888,47027.078617729836,441619.8377031259,528776.69007465185,2151.6076543442305
grain64,context_forced,4,1,64,128,128,128,1,0,0,0,3,32,14197100,443659.375,2875.0799999999999,464768.75,485198.26388888888,47027.078617729836,441619.8377031259,528776.69007465185,2151.6076543442305
grain64,context_forced,4,1,64,128,128,128,1,0,0,0,4,32,14513700,453553.125,2875.0799999999999,464768.75,485198.26388888888,47027.078617729836,441619.8377031259,528776.69007465185,2151.6076543442305
grain64,context_forced,4,1,64,128,128,128,1,0,0,0,5,32,17921300,560040.625,2948.8000000000002,464768.75,485198.26388888888,47027.078617729836,441619.8377031259,528776.69007465185,2151.6076543442305
grain64,context_forced,4,1,64,128,128,128,1,0,0,0,6,32,14280500,446265.625,2727.6399999999999,464768.75,485198.26388888888,47027.078617729836,441619.8377031259,528776.69007465185,2151.6076543442305
grain64,context_forced,4,1,64,128,128,128,1,0,0,0,7,32,14872600,464768.75,3059.3799999999997,464768.75,485198.26388888888,47027.078617729836,441619.8377031259,528776.69007465185,2151.6076543442305
grain64,context_forced,4,1,64,128,128,128,1,0,0,0,8,32,15123700,472615.625,2653.9200000000001,464768.75,485198.26388888888,47027.078617729836,441619.8377031259,528776.69007465185,2151.6076543442305
square128/workers4,serial,4,1,32,128,128,128,1,0,0,0,0,32,27613000,862906.25,2875.0799999999999,943887.5,989965.625,178473.00127082859,824580.64382236544,1155350.6061776346,1059.4482923017838
square128/workers4,serial,4,1,32,128,128,128,1,0,0,0,1,32,38794700,1212334.375,3133.0999999999999,943887.5,989965.625,178473.00127082859,824580.64382236544,1155350.6061776346,1059.4482923017838
square128/workers4,serial,4,1,32,128,128,128,1,0,0,0,2,32,25415200,794225,3575.4200000000001,943887.5,989965.625,178473.00127082859,824580.64382236544,1155350.6061776346,1059.4482923017838
square128/workers4,serial,4,1,32,128,128,128,1,0,0,0,3,32,26113000,816031.25,2764.5,943887.5,989965.625,178473.00127082859,824580.64382236544,1155350.6061776346,1059.4482923017838
square128/workers4,serial,4,1,32,128,128,128,1,0,0,0,4,32,26518300,828696.875,2727.6399999999999,943887.5,989965.625,178473.00127082859,824580.64382236544,1155350.6061776346,1059.4482923017838
square128/workers4,serial,4,1,32,128,128,128,1,0,0,0,5,32,33681900,1052559.375,2764.5,943887.5,989965.625,178473.00127082859,824580.64382236544,1155350.6061776346,1059.4482923017838
square128/workers4,serial,4,1,32,128,128,128,1,0,0,0,6,32,30204400,943887.5,2690.7799999999997,943887.5,989965.625,178473.00127082859,824580.64382236544,1155350.6061776346,1059.4482923017838
square128/workers4,serial,4,1,32,128,128,128,1,0,0,0,7,32,39017700,1219303.125,2838.2200000000003,943887.5,989965.625,178473.00127082859,824580.64382236544,1155350.6061776346,1059.4482923017838
square128/workers4,serial,4,1,32,128,128,128,1,0,0,0,8,32,37751900,1179746.875,2580.1999999999998,943887.5,989965.625,178473.00127082859,824580.64382236544,1155350.6061776346,1059.4482923017838
square128/workers4,context_default,4,1,32,128,128,128,1,0,0,0,0,64,21667500,338554.6875,3391.1200000000003,338554.6875,325662.67361111112,80008.867109772502,251521.12342272192,399804.22379950032,2953.7325487481253
square128/workers4,context_default,4,1,32,128,128,128,1,0,0,0,1,64,25422900,397232.8125,3022.52,338554.6875,325662.67361111112,80008.867109772502,251521.12342272192,399804.22379950032,2953.7325487481253
square128/workers4,context_default,4,1,32,128,128,128,1,0,0,0,2,64,22222000,347218.75,3059.3799999999997,338554.6875,325662.67361111112,80008.867109772502,251521.12342272192,399804.22379950032,2953.7325487481253
square128/workers4,context_default,4,1,32,128,128,128,1,0,0,0,3,64,16257600,254025,2764.5,338554.6875,325662.67361111112,80008.867109772502,251521.12342272192,399804.22379950032,2953.7325487481253
square128/workers4,context_default,4,1,32,128,128,128,1,0,0,0,4,64,15606500,243851.5625,2617.0599999999999,338554.6875,325662.67361111112,80008.867109772502,251521.12342272192,399804.22379950032,2953.7325487481253
square128/workers4,context_default,4,1,32,128,128,128,1,0,0,0,5,64,23311900,364248.4375,2617.0599999999999,338554.6875,325662.67361111112,80008.867109772502,251521.12342272192,399804.22379950032,2953.7325487481253
square128/workers4,context_default,4,1,32,128,128,128,1,0,0,0,6,64,16699400,260928.125,2948.8000000000002,338554.6875,325662.67361111112,80008.867109772502,251521.12342272192,399804.22379950032,2953.7325487481253
square128/workers4,context_default,4,1,32,128,128,128,1,0,0,0,7,64,16006300,250098.4375,2948.8000000000002,338554.6875,325662.67361111112,80008.867109772502,251521.12342272192,399804.22379950032,2953.7325487481253
square128/workers4,context_default,4,1,32,128,128,128,1,0,0,0,8,64,30387600,474806.25,2617.0599999999999,338554.6875,325662.67361111112,80008.867109772502,251521.12342272192,399804.22379950032,2953.7325487481253
square128/workers4,context_forced,4,1,32,128,128,128,1,0,0,0,0,128,38779000,302960.9375,3022.52,270703.90625,280286.45833333331,26153.898140419777,256050.512723211,304522.40394345566,3694.07303297826
square128/workers4,context_forced,4,1,32,128,128,128,1,0,0,0,1,128,31070600,242739.0625,2985.6600000000003,270703.90625,280286.45833333331,26153.898140419777,256050.512723211,304522.40394345566,3694.07303297826
square128/workers4,context_forced,4,1,32,128,128,128,1,0,0,0,2,128,34555400,269964.0625,2875.0799999999999,270703.90625,280286.45833333331,26153.898140419777,256050.512723211,304522.40394345566,3694.07303297826
square128/workers4,context_forced,4,1,32,128,128,128,1,0,0,0,3,128,38519000,300929.6875,2801.3600000000001,270703.90625,280286.45833333331,26153.898140419777,256050.512723211,304522.40394345566,3694.07303297826
square128/workers4,context_forced,4,1,32,128,128,128,1,0,0,0,4,128,36602700,285958.59375,2764.5,270703.90625,280286.45833333331,26153.898140419777,256050.512723211,304522.40394345566,3694.07303297826
square128/workers4,context_forced,4,1,32,128,128,128,1,0,0,0,5,128,33121500,258761.71875,2395.9000000000001,270703.90625,280286.45833333331,26153.898140419777,256050.512723211,304522.40394345566,3694.07303297826
square128/workers4,context_forced,4,1,32,128,128,128,1,0,0,0,6,128,41821900,326733.59375,2838.2200000000003,270703.90625,280286.45833333331,26153.898140419777,256050.512723211,304522.40394345566,3694.07303297826
square128/workers4,context_forced,4,1,32,128,128,128,1,0,0,0,7,128,33769800,263826.5625,2875.0799999999999,270703.90625,280286.45833333331,26153.898140419777,256050.512723211,304522.40394345566,3694.07303297826
square128/workers4,context_forced,4,1,32,128,128,128,1,0,0,0,8,128,34650100,270703.90625,2838.2200000000003,270703.90625,280286.45833333331,26153.898140419777,256050.512723211,304522.40394345566,3694.07303297826
grain8,serial,4,1,8,128,128,128,1,0,0,0,0,32,27283300,852603.125,2948.8000000000002,852603.125,841322.22222222225,80022.048512615467,767168.4572671986,915475.9871772459,1172.8786473777
grain8,serial,4,1,8,128,128,128,1,0,0,0,1,32,21600300,675009.375,2875.0799999999999,852603.125,841322.22222222225,80022.048512615467,767168.4572671986,915475.9871772459,1172.8786473777
grain8,serial,4,1,8,128,128,128,1,0,0,0,2,32,27441000,857531.25,3243.6799999999998,852603.125,841322.22222222225,80022.048512615467,767168.4572671986,915475.9871772459,1172.8786473777
grain8,serial,4,1,8,128,128,128,1,0,0,0,3,32,24683600,771362.5,3354.2600000000002,852603.125,841322.22222222225,80022.048512615467,767168.4572671986,915475.9871772459,1172.8786473777
grain8,serial,4,1,8,128,128,128,1,0,0,0,4,32,29629200,925912.5,2911.9400000000001,852603.125,841322.22222222225,80022.048512615467,767168.4572671986,915475.9871772459,1172.8786473777
grain8,serial,4,1,8,128,128,128,1,0,0,0,5,32,26804000,837625,2838.2200000000003,852603.125,841322.22222222225,80022.048512615467,767168.4572671986,915475.9871772459,1172.8786473777
grain8,serial,4,1,8,128,128,128,1,0,0,0,6,32,27415800,856743.75,3391.1200000000003,852603.125,841322.22222222225,80022.048512615467,767168.4572671986,915475.9871772459,1172.8786473777
grain8,serial,4,1,8,128,128,128,1,0,0,0,7,32,30248500,945265.625,3169.96,852603.125,841322.22222222225,80022.048512615467,767168.4572671986,915475.9871772459,1172.8786473777
grain8,serial,4,1,8,128,128,128,1,0,0,0,8,32,27195100,849846.875,2801.3600000000001,852603.125,841322.22222222225,80022.048512615467,767168.4572671986,915475.9871772459,1172.8786473777
grain8,context_default,4,1,8,128,128,128,1,0,0,0,0,64,17164300,268192.1875,2985.6600000000003,263428.125,273496.35416666669,31478.300699322896,244326.46218529413,302666.24614803924,3796.1018778841476
grain8,context_default,4,1,8,128,128,128,1,0,0,0,1,64,15647800,244496.875,2875.0799999999999,263428.125,273496.35416666669,31478.300699322896,244326.46218529413,302666.24614803924,3796.1018778841476
grain8,context_default,4,1,8,128,128,128,1,0,0,0,2,64,16168000,252625,3538.5599999999999,263428.125,273496.35416666669,31478.300699322896,244326.46218529413,302666.24614803924,3796.1018778841476
grain8,context_default,4,1,8,128,128,128,1,0,0,0,3,64,16859400,263428.125,3354.2600000000002,263428.125,273496.35416666669,31478.300699322896,244326.46218529413,302666.24614803924,3796.1018778841476
grain8,context_default,4,1,8,128,128,128,1,0,0,0,4,64,22244200,347565.625,2911.9400000000001,263428.125,273496.35416666669,31478.300699322896,244326.46218529413,302666.24614803924,3796.1018778841476
grain8,context_default,4,1,8,128,128,128,1,0,0,0,5,64,18598500,290601.5625,2985.6600000000003,263428.125,273496.35416666669,31478.300699322896,244326.46218529413,302666.24614803924,3796.1018778841476
grain8,context_default,4,1,8,128,128,128,1,0,0,0,6,64,16180000,252812.5,3096.2399999999998,263428.125,273496.35416666669,31478.300699322896,244326.46218529413,302666.24614803924,3796.1018778841476
grain8,context_default,4,1,8,128,128,128,1,0,0,0,7,64,16551300,258614.0625,3169.96,263428.125,273496.35416666669,31478.300699322896,244326.46218529413,302666.24614803924,3796.1018778841476
grain8,context_default,4,1,8,128,128,128,1,0,0,0,8,64,18120400,283131.25,2580.1999999999998,263428.125,273496.35416666669,31478.300699322896,244326.46218529413,302666.24614803924,3796.1018778841476
grain8,context_forced,4,1,8,128,128,128,1,0,0,0,0,128,30836700,240911.71875,2985.6600000000003,276062.5,280935.41666666669,28265.876869947813,254742.37076718171,307128.46256615163,3622.368123160516
grain8,context_forced,4,1,8,128,128,128,1,0,0,0,1,128,32283500,252214.84375,2875.0799999999999,276062.5,280935.41666666669,28265.876869947813,254742.37076718171,307128.46256615163,3622.368123160516
grain8,context_forced,4,1,8,128,128,128,1,0,0,0,2,128,42503800,332060.9375,3538.5599999999999,276062.5,280935.41666666669,28265.876869947813,254742.37076718171,307128.46256615163,3622.368123160516
grain8,context_forced,4,1,8,128,128,128,1,0,0,0,3,128,35205800,275045.3125,3169.96,276062.5,280935.41666666669,28265.876869947813,254742.37076718171,307128.46256615163,3622.368123160516
grain8,context_forced,4,1,8,128,128,128,1,0,0,0,4,128,35336000,276062.5,2985.6600000000003,276062.5,280935.41666666669,28265.876869947813,254742.37076718171,307128.46256615163,3622.368123160516
grain8,context_forced,4,1,8,128,128,128,1,0,0,0,5,128,34069400,266167.1875,3391.1200000000003,276062.5,280935.41666666669,28265.876869947813,254742.37076718171,307128.46256615163,3622.368123160516
grain8,context_forced,4,1,8,128,128,128,1,0,0,0,6,128,39508300,308658.59375,3096.2399999999998,276062.5,280935.41666666669,28265.876869947813,254742.37076718171,307128.46256615163,3622.368123160516
grain8,context_forced,4,1,8,128,128,128,1,0,0,0,7,128,35709400,278979.6875,3243.6799999999998,276062.5,280935.41666666669,28265.876869947813,254742.37076718171,307128.46256615163,3622.368123160516
grain8,context_forced,4,1,8,128,128,128,1,0,0,0,8,128,38184700,298317.96875,2875.0799999999999,276062.5,280935.41666666669,28265.876869947813,254742.37076718171,307128.46256615163,3622.368123160516
small_grain32,serial,4,1,1,32,32,32,1,0,0,0,0,1024,13652800,13332.8125,2948.8000000000002,13351.07421875,13854.00390625,743.87977173187744,13164.675317778459,14543.332494721541,74900.34012361482
small_grain32,serial,4,1,1,32,32,32,1,0,0,0,1,1024,15187700,14831.73828125,2580.1999999999998,13351.07421875,13854.00390625,743.87977173187744,13164.675317778459,14543.332494721541,74900.34012361482
small_grain32,serial,4,1,1,32,32,32,1,0,0,0,2,1024,13647700,13327.83203125,2506.48,13351.07421875,13854.00390625,743.87977173187744,13164.675317778459,14543.332494721541,74900.34012361482
small_grain32,serial,4,1,1,32,32,32,1,0,0,0,3,1024,15258400,14900.78125,2617.0599999999999,13351.07421875,13854.00390625,743.87977173187744,13164.675317778459,14543.332494721541,74900.34012361482
small_grain32,serial,4,1,1,32,32,32,1,0,0,0,4,1024,13650200,13330.2734375,3354.2600000000002,13351.07421875,13854.00390625,743.87977173187744,13164.675317778459,14543.332494721541,74900.34012361482
small_grain32,serial,4,1,1,32,32,32,1,0,0,0,5,1024,15152500,14797.36328125,3280.54,13351.07421875,13854.00390625,743.87977173187744,13164.675317778459,14543.332494721541,74900.34012361482
small_grain32,serial,4,1,1,32,32,32,1,0,0,0,6,1024,13656400,13336.328125,3133.0999999999999,13351.07421875,13854.00390625,743.87977173187744,13164.675317778459,14543.332494721541,74900.34012361482
small_grain32,serial,4,1,1,32,32,32,1,0,0,0,7,1024,13671500,13351.07421875,2911.9400000000001,13351.07421875,13854.00390625,743.87977173187744,13164.675317778459,14543.332494721541,74900.34012361482
small_grain32,serial,4,1,1,32,32,32,1,0,0,0,8,1024,13801300,13477.83203125,2801.3600000000001,13351.07421875,13854.00390625,743.87977173187744,13164.675317778459,14543.332494721541,74900.34012361482
small_grain32,context_default,4,1,1,32,32,32,1,0,0,0,0,1024,13550200,13232.6171875,2911.9400000000001,13606.25,13704.307725694445,437.8158585665164,13298.598363422807,14110.017087966084,73495.636196600826
small_grain32,context_default,4,1,1,32,32,32,1,0,0,0,1,1024,13941500,13614.74609375,2580.1999999999998,13606.25,13704.307725694445,437.8158585665164,13298.598363422807,14110.017087966084,73495.636196600826
small_grain32,context_default,4,1,1,32,32,32,1,0,0,0,2,1024,13969300,13641.89453125,2506.48,13606.25,13704.307725694445,437.8158585665164,13298.598363422807,14110.017087966084,73495.636196600826
small_grain32,context_default,4,1,1,32,32,32,1,0,0,0,3,1024,13940600,13613.8671875,2617.0599999999999,13606.25,13704.307725694445,437.8158585665164,13298.598363422807,14110.017087966084,73495.636196600826
small_grain32,context_default,4,1,1,32,32,32,1,0,0,0,4,1024,13930100,13603.61328125,3354.2600000000002,13606.25,13704.307725694445,437.8158585665164,13298.598363422807,14110.017087966084,73495.636196600826
small_grain32,context_default,4,1,1,32,32,32,1,0,0,0,5,1024,15178100,14822.36328125,3317.4000000000001,13606.25,13704.307725694445,437.8158585665164,13298.598363422807,14110.017087966084,73495.636196600826
small_grain32,context_default,4,1,1,32,32,32,1,0,0,0,6,1024,13925100,13598.73046875,3059.3799999999997,13606.25,13704.307725694445,437.8158585665164,13298.598363422807,14110.017087966084,73495.636196600826
small_grain32,context_default,4,1,1,32,32,32,1,0,0,0,7,1024,13931200,13604.6875,2911.9400000000001,13606.25,13704.307725694445,437.8158585665164,13298.598363422807,14110.017087966084,73495.636196600826
small_grain32,context_default,4,1,1,32,32,32,1,0,0,0,8,1024,13932800,13606.25,2985.6600000000003,13606.25,13704.307725694445,437.8158585665164,13298.598363422807,14110.017087966084,73495.636196600826
small_grain32,context_forced,4,1,1,32,32,32,1,0,0,0,0,4096,36118100,8817.8955078125,2875.0799999999999,10800.732421875,10348.334418402777,1784.8346629967043,8694.3876306924976,12002.281206113057,92586.313681345753
small_grain32,context_forced,4,1,1,32,32,32,1,0,0,0,1,4096,48928800,11945.5078125,2911.9400000000001,10800.732421875,10348.334418402777,1784.8346629967043,8694.3876306924976,12002.281206113057,92586.313681345753
small_grain32,context_forced,4,1,1,32,32,32,1,0,0,0,2,4096,45195800,11034.130859375,2395.9000000000001,10800.732421875,10348.334418402777,1784.8346629967043,8694.3876306924976,12002.281206113057,92586.313681345753
small_grain32,context_forced,4,1,1,32,32,32,1,0,0,0,3,4096,44239800,10800.732421875,2838.2200000000003,10800.732421875,10348.334418402777,1784.8346629967043,8694.3876306924976,12002.281206113057,92586.313681345753
small_grain32,context_forced,4,1,1,32,32,32,1,0,0,0,4,4096,39856900,9730.6884765625,2838.2200000000003,10800.732421875,10348.334418402777,1784.8346629967043,8694.3876306924976,12002.281206113057,92586.313681345753
small_grain32,context_forced,4,1,1,32,32,32,1,0,0,0,5,4096,35924100,8770.5322265625,3317.4000000000001,10800.732421875,10348.334418402777,1784.8346629967043,8694.3876306924976,12002.281206113057,92586.313681345753
small_grain32,context_forced,4,1,1,32,32,32,1,0,0,0,6,4096,30902300,7544.5068359375,3354.2600000000002,10800.732421875,10348.334418402777,1784.8346629967043,8694.3876306924976,12002.281206113057,92586.313681345753
small_grain32,context_forced,4,1,1,32,32,32,1,0,0,0,7,4096,54239200,13241.9921875,3059.3799999999997,10800.732421875,10348.334418402777,1784.8346629967043,8694.3876306924976,12002.281206113057,92586.313681345753
small_grain32,context_forced,4,1,1,32,32,32,1,0,0,0,8,4096,46076000,11249.0234375,2911.9400000000001,10800.732421875,10348.334418402777,1784.8346629967043,8694.3876306924976,12002.281206113057,92586.313681345753
square64/workers1,serial,1,1,32,64,64,64,1,0,0,0,0,256,26976500,105376.953125,3354.2600000000002,106359.765625,115860.11284722222,16730.206571176343,100356.78809126548,131363.43760317896,9402.0515570311545
square64/workers1,serial,1,1,32,64,64,64,1,0,0,0,1,256,26825100,104785.546875,3612.2799999999997,106359.765625,115860.11284722222,16730.206571176343,100356.78809126548,131363.43760317896,9402.0515570311545
square64/workers1,serial,1,1,32,64,64,64,1,0,0,0,2,256,26461100,103363.671875,3686,106359.765625,115860.11284722222,16730.206571176343,100356.78809126548,131363.43760317896,9402.0515570311545
square64/workers1,serial,1,1,32,64,64,64,1,0,0,0,3,256,26607100,103933.984375,3686,106359.765625,115860.11284722222,16730.206571176343,100356.78809126548,131363.43760317896,9402.0515570311545
square64/workers1,serial,1,1,32,64,64,64,1,0,0,0,4,256,27228100,106359.765625,2690.7799999999997,106359.765625,115860.11284722222,16730.206571176343,100356.78809126548,131363.43760317896,9402.0515570311545
square64/workers1,serial,1,1,32,64,64,64,1,0,0,0,5,256,39521900,154382.421875,2875.0799999999999,106359.765625,115860.11284722222,16730.206571176343,100356.78809126548,131363.43760317896,9402.0515570311545
square64/workers1,serial,1,1,32,64,64,64,1,0,0,0,6,256,32318600,126244.53125,2653.9200000000001,106359.765625,115860.11284722222,16730.206571176343,100356.78809126548,131363.43760317896,9402.0515570311545
square64/workers1,serial,1,1,32,64,64,64,1,0,0,0,7,256,30113700,117631.640625,2801.3600000000001,106359.765625,115860.11284722222,16730.206571176343,100356.78809126548,131363.43760317896,9402.0515570311545
square64/workers1,serial,1,1,32,64,64,64,1,0,0,0,8,256,30889600,120662.5,2764.5,106359.765625,115860.11284722222,16730.206571176343,100356.78809126548,131363.43760317896,9402.0515570311545
square64/workers1,context_default,1,1,32,64,64,64,1,0,0,0,0,256,27846900,108776.953125,3538.5599999999999,108776.953125,118939.58333333333,22051.572561954377,98505.126092588936,139374.04057407772,9193.1238306597861
square64/workers1,context_default,1,1,32,64,64,64,1,0,0,0,1,256,27952900,109191.015625,3575.4200000000001,108776.953125,118939.58333333333,22051.572561954377,98505.126092588936,139374.04057407772,9193.1238306597861
square64/workers1,context_default,1,1,32,64,64,64,1,0,0,0,2,256,27518800,107495.3125,3649.1399999999999,108776.953125,118939.58333333333,22051.572561954377,98505.126092588936,139374.04057407772,9193.1238306597861
square64/workers1,context_default,1,1,32,64,64,64,1,0,0,0,3,256,27845500,108771.484375,3354.2600000000002,108776.953125,118939.58333333333,22051.572561954377,98505.126092588936,139374.04057407772,9193.1238306597861
square64/workers1,context_default,1,1,32,64,64,64,1,0,0,0,4,256,27869500,108865.234375,2948.8000000000002,108776.953125,118939.58333333333,22051.572561954377,98505.126092588936,139374.04057407772,9193.1238306597861
square64/workers1,context_default,1,1,32,64,64,64,1,0,0,0,5,256,27186800,106198.4375,2875.0799999999999,108776.953125,118939.58333333333,22051.572561954377,98505.126092588936,139374.04057407772,9193.1238306597861
square64/workers1,context_default,1,1,32,64,64,64,1,0,0,0,6,256,41752900,163097.265625,3133.0999999999999,108776.953125,118939.58333333333,22051.572561954377,98505.126092588936,139374.04057407772,9193.1238306597861
square64/workers1,context_default,1,1,32,64,64,64,1,0,0,0,7,256,27193700,106225.390625,3022.52,108776.953125,118939.58333333333,22051.572561954377,98505.126092588936,139374.04057407772,9193.1238306597861
square64/workers1,context_default,1,1,32,64,64,64,1,0,0,0,8,256,38869800,151835.15625,2506.48,108776.953125,118939.58333333333,22051.572561954377,98505.126092588936,139374.04057407772,9193.1238306597861
square64/workers1,context_forced,1,1,32,64,64,64,1,0,0,0,0,256,27880400,108907.8125,3649.1399999999999,108907.8125,110562.58680555556,9522.6588033267835,101738.25631447275,119386.91729663838,9182.0777320268007
square64/workers1,context_forced,1,1,32,64,64,64,1,0,0,0,1,256,34171100,133480.859375,3464.8399999999997,108907.8125,110562.58680555556,9522.6588033267835,101738.25631447275,119386.91729663838,9182.0777320268007
square64/workers1,context_forced,1,1,32,64,64,64,1,0,0,0,2,256,25380100,99141.015625,3686,108907.8125,110562.58680555556,9522.6588033267835,101738.25631447275,119386.91729663838,9182.0777320268007
square64/workers1,context_forced,1,1,32,64,64,64,1,0,0,0,3,256,28131500,109888.671875,3686,108907.8125,110562.58680555556,9522.6588033267835,101738.25631447275,119386.91729663838,9182.0777320268007
square64/workers1,context_forced,1,1,32,64,64,64,1,0,0,0,4,256,26733300,104426.953125,2875.0799999999999,108907.8125,110562.58680555556,9522.6588033267835,101738.25631447275,119386.91729663838,9182.0777320268007
square64/workers1,context_forced,1,1,32,64,64,64,1,0,0,0,5,256,28906400,112915.625,2801.3600000000001,108907.8125,110562.58680555556,9522.6588033267835,101738.25631447275,119386.91729663838,9182.0777320268007
square64/workers1,context_forced,1,1,32,64,64,64,1,0,0,0,6,256,27812800,108643.75,2285.3200000000002,108907.8125,110562.58680555556,9522.6588033267835,101738.25631447275,119386.91729663838,9182.0777320268007
square64/workers1,context_forced,1,1,32,64,64,64,1,0,0,0,7,256,27190700,106213.671875,3022.52,108907.8125,110562.58680555556,9522.6588033267835,101738.25631447275,119386.91729663838,9182.0777320268007
square64/workers1,context_forced,1,1,32,64,64,64,1,0,0,0,8,256,28529900,111444.921875,2764.5,108907.8125,110562.58680555556,9522.6588033267835,101738.25631447275,119386.91729663838,9182.0777320268007
square256/workers4,serial,4,1,32,256,256,256,1,0,0,0,0,4,27902600,6975650,3280.54,8164025,8489525,1721792.7558398251,6893997.0462550949,10085052.953744905,122.48860090457832
square256/workers4,serial,4,1,32,256,256,256,1,0,0,0,1,4,35726600,8931650,3059.3799999999997,8164025,8489525,1721792.7558398251,6893997.0462550949,10085052.953744905,122.48860090457832
square256/workers4,serial,4,1,32,256,256,256,1,0,0,0,2,4,29520100,7380025,2875.0799999999999,8164025,8489525,1721792.7558398251,6893997.0462550949,10085052.953744905,122.48860090457832
square256/workers4,serial,4,1,32,256,256,256,1,0,0,0,3,4,29514800,7378700,2543.3399999999997,8164025,8489525,1721792.7558398251,6893997.0462550949,10085052.953744905,122.48860090457832
square256/workers4,serial,4,1,32,256,256,256,1,0,0,0,4,4,28318500,7079625,3649.1399999999999,8164025,8489525,1721792.7558398251,6893997.0462550949,10085052.953744905,122.48860090457832
square256/workers4,serial,4,1,32,256,256,256,1,0,0,0,5,4,32656100,8164025,3354.2600000000002,8164025,8489525,1721792.7558398251,6893997.0462550949,10085052.953744905,122.48860090457832
square256/workers4,serial,4,1,32,256,256,256,1,0,0,0,6,4,50031500,12507875,3243.6799999999998,8164025,8489525,1721792.7558398251,6893997.0462550949,10085052.953744905,122.48860090457832
square256/workers4,serial,4,1,32,256,256,256,1,0,0,0,7,4,35638400,8909600,2911.9400000000001,8164025,8489525,1721792.7558398251,6893997.0462550949,10085052.953744905,122.48860090457832
square256/workers4,serial,4,1,32,256,256,256,1,0,0,0,8,4,36314300,9078575,2690.7799999999997,8164025,8489525,1721792.7558398251,6893997.0462550949,10085052.953744905,122.48860090457832
square256/workers4,context_default,4,1,32,256,256,256,1,0,0,0,0,8,22265900,2783237.5,2838.2200000000003,2456112.5,2559170.8333333335,316374.34518156259,2265997.2734650853,2852344.3932015817,407.14747390439157
square256/workers4,context_default,4,1,32,256,256,256,1,0,0,0,1,8,22891100,2861387.5,2875.0799999999999,2456112.5,2559170.8333333335,316374.34518156259,2265997.2734650853,2852344.3932015817,407.14747390439157
square256/workers4,context_default,4,1,32,256,256,256,1,0,0,0,2,8,24465700,3058212.5,2617.0599999999999,2456112.5,2559170.8333333335,316374.34518156259,2265997.2734650853,2852344.3932015817,407.14747390439157
square256/workers4,context_default,4,1,32,256,256,256,1,0,0,0,3,8,17847500,2230937.5,3427.98,2456112.5,2559170.8333333335,316374.34518156259,2265997.2734650853,2852344.3932015817,407.14747390439157
square256/workers4,context_default,4,1,32,256,256,256,1,0,0,0,4,8,19648900,2456112.5,3649.1399999999999,2456112.5,2559170.8333333335,316374.34518156259,2265997.2734650853,2852344.3932015817,407.14747390439157
square256/workers4,context_default,4,1,32,256,256,256,1,0,0,0,5,8,18136100,2267012.5,3538.5599999999999,2456112.5,2559170.8333333335,316374.34518156259,2265997.2734650853,2852344.3932015817,407.14747390439157
square256/workers4,context_default,4,1,32,256,256,256,1,0,0,0,6,8,17837200,2229650,3243.6799999999998,2456112.5,2559170.8333333335,316374.34518156259,2265997.2734650853,2852344.3932015817,407.14747390439157
square256/workers4,context_default,4,1,32,256,256,256,1,0,0,0,7,8,18817800,2352225,2875.0799999999999,2456112.5,2559170.8333333335,316374.34518156259,2265997.2734650853,2852344.3932015817,407.14747390439157
square256/workers4,context_default,4,1,32,256,256,256,1,0,0,0,8,8,22350100,2793762.5,3022.52,2456112.5,2559170.8333333335,316374.34518156259,2265997.2734650853,2852344.3932015817,407.14747390439157
square256/workers4,context_forced,4,1,32,256,256,256,1,0,0,0,0,8,25890600,3236325,3022.52,2575775,2646731.9444444445,353853.44225835963,2318827.7546183644,2974636.1342705246,388.23266783783521
square256/workers4,context_forced,4,1,32,256,256,256,1,0,0,0,1,8,17928000,2241000,2875.0799999999999,2575775,2646731.9444444445,353853.44225835963,2318827.7546183644,2974636.1342705246,388.23266783783521
square256/workers4,context_forced,4,1,32,256,256,256,1,0,0,0,2,8,20606200,2575775,2653.9200000000001,2575775,2646731.9444444445,353853.44225835963,2318827.7546183644,2974636.1342705246,388.23266783783521
square256/workers4,context_forced,4,1,32,256,256,256,1,0,0,0,3,8,18707000,2338375,3427.98,2575775,2646731.9444444445,353853.44225835963,2318827.7546183644,2974636.1342705246,388.23266783783521
square256/workers4,context_forced,4,1,32,256,256,256,1,0,0,0,4,8,23735300,2966912.5,3649.1399999999999,2575775,2646731.9444444445,353853.44225835963,2318827.7546183644,2974636.1342705246,388.23266783783521
square256/workers4,context_forced,4,1,32,256,256,256,1,0,0,0,5,8,22173100,2771637.5,3575.4200000000001,2575775,2646731.9444444445,353853.44225835963,2318827.7546183644,2974636.1342705246,388.23266783783521
square256/workers4,context_forced,4,1,32,256,256,256,1,0,0,0,6,8,19742600,2467825,2469.6200000000003,2575775,2646731.9444444445,353853.44225835963,2318827.7546183644,2974636.1342705246,388.23266783783521
square256/workers4,context_forced,4,1,32,256,256,256,1,0,0,0,7,8,18138700,2267337.5,2875.0799999999999,2575775,2646731.9444444445,353853.44225835963,2318827.7546183644,2974636.1342705246,388.23266783783521
square256/workers4,context_forced,4,1,32,256,256,256,1,0,0,0,8,8,23643200,2955400,3206.8200000000002,2575775,2646731.9444444445,353853.44225835963,2318827.7546183644,2974636.1342705246,388.23266783783521
spin2000_square32,serial,4,1,1,32,32,32,1,0,0,2000,0,2048,29512100,14410.205078125,3427.98,13883.88671875,16101.350911458334,4911.6485386813683,11549.889932280266,20652.811890636403,72025.940592666579
spin2000_square32,serial,4,1,1,32,32,32,1,0,0,2000,1,2048,40550400,19800,2690.7799999999997,13883.88671875,16101.350911458334,4911.6485386813683,11549.889932280266,20652.811890636403,72025.940592666579
spin2000_square32,serial,4,1,1,32,32,32,1,0,0,2000,2,2048,28434200,13883.88671875,3133.0999999999999,13883.88671875,16101.350911458334,4911.6485386813683,11549.889932280266,20652.811890636403,72025.940592666579
spin2000_square32,serial,4,1,1,32,32,32,1,0,0,2000,3,2048,30031100,14663.623046875,3354.2600000000002,13883.88671875,16101.350911458334,4911.6485386813683,11549.889932280266,20652.811890636403,72025.940592666579
spin2000_square32,serial,4,1,1,32,32,32,1,0,0,2000,4,2048,28142300,13741.357421875,3243.6799999999998,13883.88671875,16101.350911458334,4911.6485386813683,11549.889932280266,20652.811890636403,72025.940592666579
spin2000_square32,serial,4,1,1,32,32,32,1,0,0,2000,5,2048,27907400,13626.66015625,2911.9400000000001,13883.88671875,16101.350911458334,4911.6485386813683,11549.889932280266,20652.811890636403,72025.940592666579
spin2000_square32,serial,4,1,1,32,32,32,1,0,0,2000,6,2048,27397100,13377.490234375,3059.3799999999997,13883.88671875,16101.350911458334,4911.6485386813683,11549.889932280266,20652.811890636403,72025.940592666579
spin2000_square32,serial,4,1,1,32,32,32,1,0,0,2000,7,2048,27354500,13356.689453125,2801.3600000000001,13883.88671875,16101.350911458334,4911.6485386813683,11549.889932280266,20652.811890636403,72025.940592666579
spin2000_square32,serial,4,1,1,32,32,32,1,0,0,2000,8,2048,57451000,28052.24609375,2948.8000000000002,13883.88671875,16101.350911458334,4911.6485386813683,11549.889932280266,20652.811890636403,72025.940592666579
spin2000_square32,context_default,4,1,1,32,32,32,1,0,0,2000,0,2048,41512200,20269.62890625,3059.3799999999997,13896.923828125,15548.790147569445,2594.2281342965789,13144.805409787949,17952.77488535094,71958.370958051222
spin2000_square32,context_default,4,1,1,32,32,32,1,0,0,2000,1,2048,28460900,13896.923828125,3280.54,13896.923828125,15548.790147569445,2594.2281342965789,13144.805409787949,17952.77488535094,71958.370958051222
spin2000_square32,context_default,4,1,1,32,32,32,1,0,0,2000,2,2048,30323600,14806.4453125,2911.9400000000001,13896.923828125,15548.790147569445,2594.2281342965789,13144.805409787949,17952.77488535094,71958.370958051222
spin2000_square32,context_default,4,1,1,32,32,32,1,0,0,2000,3,2048,38134000,18620.1171875,2432.7600000000002,13896.923828125,15548.790147569445,2594.2281342965789,13144.805409787949,17952.77488535094,71958.370958051222
spin2000_square32,context_default,4,1,1,32,32,32,1,0,0,2000,4,2048,27989100,13666.552734375,2764.5,13896.923828125,15548.790147569445,2594.2281342965789,13144.805409787949,17952.77488535094,71958.370958051222
spin2000_square32,context_default,4,1,1,32,32,32,1,0,0,2000,5,2048,27678200,13514.74609375,2690.7799999999997,13896.923828125,15548.790147569445,2594.2281342965789,13144.805409787949,17952.77488535094,71958.370958051222
spin2000_square32,context_default,4,1,1,32,32,32,1,0,0,2000,6,2048,28141500,13740.966796875,3096.2399999999998,13896.923828125,15548.790147569445,2594.2281342965789,13144.805409787949,17952.77488535094,71958.370958051222
spin2000_square32,context_default,4,1,1,32,32,32,1,0,0,2000,7,2048,28123200,13732.03125,2690.7799999999997,13896.923828125,15548.790147569445,2594.2281342965789,13144.805409787949,17952.77488535094,71958.370958051222
spin2000_square32,context_default,4,1,1,32,32,32,1,0,0,2000,8,2048,36232600,17691.69921875,3022.52,13896.923828125,15548.790147569445,2594.2281342965789,13144.805409787949,17952.77488535094,71958.370958051222
spin2000_square32,context_forced,4,1,1,32,32,32,1,0,0,2000,0,4096,34038000,8310.05859375,2911.9400000000001,10247.94921875,10809.304470486111,2463.8955520964091,8526.0945922101055,13092.514348762117,97580.49914712357
spin2000_square32,context_forced,4,1,1,32,32,32,1,0,0,2000,1,4096,35716800,8719.921875,2617.0599999999999,10247.94921875,10809.304470486111,2463.8955520964091,8526.0945922101055,13092.514348762117,97580.49914712357
spin2000_square32,context_forced,4,1,1,32,32,32,1,0,0,2000,2,4096,39257000,9584.228515625,3133.0999999999999,10247.94921875,10809.304470486111,2463.8955520964091,8526.0945922101055,13092.514348762117,97580.49914712357
spin2000_square32,context_forced,4,1,1,32,32,32,1,0,0,2000,3,4096,41975600,10247.94921875,3059.3799999999997,10247.94921875,10809.304470486111,2463.8955520964091,8526.0945922101055,13092.514348762117,97580.49914712357
spin2000_square32,context_forced,4,1,1,32,32,32,1,0,0,2000,4,4096,45292000,11057.6171875,2617.0599999999999,10247.94921875,10809.304470486111,2463.8955520964091,8526.0945922101055,13092.514348762117,97580.49914712357
spin2000_square32,context_forced,4,1,1,32,32,32,1,0,0,2000,5,4096,57209200,13967.08984375,2838.2200000000003,10247.94921875,10809.304470486111,2463.8955520964091,8526.0945922101055,13092.514348762117,97580.49914712357
spin2000_square32,context_forced,4,1,1,32,32,32,1,0,0,2000,6,4096,32924500,8038.2080078125,2727.6399999999999,10247.94921875,10809.304470486111,2463.8955520964091,8526.0945922101055,13092.514348762117,97580.49914712357
spin2000_square32,context_forced,4,1,1,32,32,32,1,0,0,2000,7,4096,60077300,14667.3095703125,3059.3799999999997,10247.94921875,10809.304470486111,2463.8955520964091,8526.0945922101055,13092.514348762117,97580.49914712357
spin2000_square32,context_forced,4,1,1,32,32,32,1,0,0,2000,8,4096,51983800,12691.357421875,2764.5,10247.94921875,10809.304470486111,2463.8955520964091,8526.0945922101055,13092.514348762117,97580.49914712357
square64/workers2,serial,2,1,32,64,64,64,1,0,0,0,0,256,28350300,110743.359375,2911.9400000000001,113978.515625,131906.38020833334,39130.875256384039,95645.102470750804,168167.65794591588,8773.5832890655784
square64/workers2,serial,2,1,32,64,64,64,1,0,0,0,1,256,29178500,113978.515625,3391.1200000000003,113978.515625,131906.38020833334,39130.875256384039,95645.102470750804,168167.65794591588,8773.5832890655784
square64/workers2,serial,2,1,32,64,64,64,1,0,0,0,2,256,49019800,191483.59375,2875.0799999999999,113978.515625,131906.38020833334,39130.875256384039,95645.102470750804,168167.65794591588,8773.5832890655784
square64/workers2,serial,2,1,32,64,64,64,1,0,0,0,3,256,26674200,104196.09375,2875.0799999999999,113978.515625,131906.38020833334,39130.875256384039,95645.102470750804,168167.65794591588,8773.5832890655784
square64/workers2,serial,2,1,32,64,64,64,1,0,0,0,4,256,26748600,104486.71875,3059.3799999999997,113978.515625,131906.38020833334,39130.875256384039,95645.102470750804,168167.65794591588,8773.5832890655784
square64/workers2,serial,2,1,32,64,64,64,1,0,0,0,5,256,27976200,109282.03125,3022.52,113978.515625,131906.38020833334,39130.875256384039,95645.102470750804,168167.65794591588,8773.5832890655784
square64/workers2,serial,2,1,32,64,64,64,1,0,0,0,6,256,33037900,129054.296875,2653.9200000000001,113978.515625,131906.38020833334,39130.875256384039,95645.102470750804,168167.65794591588,8773.5832890655784
square64/workers2,serial,2,1,32,64,64,64,1,0,0,0,7,256,29894900,116776.953125,2432.7600000000002,113978.515625,131906.38020833334,39130.875256384039,95645.102470750804,168167.65794591588,8773.5832890655784
square64/workers2,serial,2,1,32,64,64,64,1,0,0,0,8,256,53031900,207155.859375,2764.5,113978.515625,131906.38020833334,39130.875256384039,95645.102470750804,168167.65794591588,8773.5832890655784
square64/workers2,context_default,2,1,32,64,64,64,1,0,0,0,0,128,21981500,171730.46875,2653.9200000000001,109753.125,118456.68402777778,22894.453971671766,97241.156680695276,139672.21137486029,9111.3578770536151
square64/workers2,context_default,2,1,32,64,64,64,1,0,0,0,1,128,12086100,94422.65625,2395.9000000000001,109753.125,118456.68402777778,22894.453971671766,97241.156680695276,139672.21137486029,9111.3578770536151
square64/workers2,context_default,2,1,32,64,64,64,1,0,0,0,2,128,13641100,106571.09375,3501.6999999999998,109753.125,118456.68402777778,22894.453971671766,97241.156680695276,139672.21137486029,9111.3578770536151
square64/workers2,context_default,2,1,32,64,64,64,1,0,0,0,3,128,16893900,131983.59375,2985.6600000000003,109753.125,118456.68402777778,22894.453971671766,97241.156680695276,139672.21137486029,9111.3578770536151
square64/workers2,context_default,2,1,32,64,64,64,1,0,0,0,4,128,16167600,126309.375,2911.9400000000001,109753.125,118456.68402777778,22894.453971671766,97241.156680695276,139672.21137486029,9111.3578770536151
square64/workers2,context_default,2,1,32,64,64,64,1,0,0,0,5,128,14282100,111578.90625,3059.3799999999997,109753.125,118456.68402777778,22894.453971671766,97241.156680695276,139672.21137486029,9111.3578770536151
square64/workers2,context_default,2,1,32,64,64,64,1,0,0,0,6,128,13746900,107397.65625,2948.8000000000002,109753.125,118456.68402777778,22894.453971671766,97241.156680695276,139672.21137486029,9111.3578770536151
square64/workers2,context_default,2,1,32,64,64,64,1,0,0,0,7,128,13614500,106363.28125,2948.8000000000002,109753.125,118456.68402777778,22894.453971671766,97241.156680695276,139672.21137486029,9111.3578770536151
square64/workers2,context_default,2,1,32,64,64,64,1,0,0,0,8,128,14048400,109753.125,2764.5,109753.125,118456.68402777778,22894.453971671766,97241.156680695276,139672.21137486029,9111.3578770536151
square64/workers2,context_forced,2,1,32,64,64,64,1,0,0,0,0,512,35168200,68687.890625,2653.9200000000001,74039.84375,81489.756944444438,14340.965690268747,68200.462071462069,94779.051817426807,13506.241360753816
square64/workers2,context_forced,2,1,32,64,64,64,1,0,0,0,1,512,37202900,72661.9140625,3059.3799999999997,74039.84375,81489.756944444438,14340.965690268747,68200.462071462069,94779.051817426807,13506.241360753816
square64/workers2,context_forced,2,1,32,64,64,64,1,0,0,0,2,512,36456500,71204.1015625,2617.0599999999999,74039.84375,81489.756944444438,14340.965690268747,68200.462071462069,94779.051817426807,13506.241360753816
square64/workers2,context_forced,2,1,32,64,64,64,1,0,0,0,3,512,52373900,102292.7734375,2469.6200000000003,74039.84375,81489.756944444438,14340.965690268747,68200.462071462069,94779.051817426807,13506.241360753816
square64/workers2,context_forced,2,1,32,64,64,64,1,0,0,0,4,512,50297100,98236.5234375,2911.9400000000001,74039.84375,81489.756944444438,14340.965690268747,68200.462071462069,94779.051817426807,13506.241360753816
square64/workers2,context_forced,2,1,32,64,64,64,1,0,0,0,5,512,35263700,68874.4140625,3096.2399999999998,74039.84375,81489.756944444438,14340.965690268747,68200.462071462069,94779.051817426807,13506.241360753816
square64/workers2,context_forced,2,1,32,64,64,64,1,0,0,0,6,512,39515700,77179.1015625,3059.3799999999997,74039.84375,81489.756944444438,14340.965690268747,68200.462071462069,94779.051817426807,13506.241360753816
square64/workers2,context_forced,2,1,32,64,64,64,1,0,0,0,7,512,37908400,74039.84375,2801.3600000000001,74039.84375,81489.756944444438,14340.965690268747,68200.462071462069,94779.051817426807,13506.241360753816
square64/workers2,context_forced,2,1,32,64,64,64,1,0,0,0,8,512,51318400,100231.25,2653.9200000000001,74039.84375,81489.756944444438,14340.965690268747,68200.462071462069,94779.051817426807,13506.241360753816
square32/workers4,serial,4,1,32,32,32,32,1,0,0,0,0,2048,33006900,16116.650390625,2617.0599999999999,17245.166015625,17568.315972222223,3564.8305384361174,14264.906339938087,20871.725604506359,57987.264320560847
square32/workers4,serial,4,1,32,32,32,32,1,0,0,0,1,2048,47639000,23261.23046875,2653.9200000000001,17245.166015625,17568.315972222223,3564.8305384361174,14264.906339938087,20871.725604506359,57987.264320560847
square32/workers4,serial,4,1,32,32,32,32,1,0,0,0,2,2048,46647700,22777.197265625,2543.3399999999997,17245.166015625,17568.315972222223,3564.8305384361174,14264.906339938087,20871.725604506359,57987.264320560847
square32/workers4,serial,4,1,32,32,32,32,1,0,0,0,3,2048,37704400,18410.3515625,2506.48,17245.166015625,17568.315972222223,3564.8305384361174,14264.906339938087,20871.725604506359,57987.264320560847
square32/workers4,serial,4,1,32,32,32,32,1,0,0,0,4,2048,35318100,17245.166015625,2690.7799999999997,17245.166015625,17568.315972222223,3564.8305384361174,14264.906339938087,20871.725604506359,57987.264320560847
square32/workers4,serial,4,1,32,32,32,32,1,0,0,0,5,2048,36694800,17917.3828125,2727.6399999999999,17245.166015625,17568.315972222223,3564.8305384361174,14264.906339938087,20871.725604506359,57987.264320560847
square32/workers4,serial,4,1,32,32,32,32,1,0,0,0,6,2048,27389200,13373.6328125,2801.3600000000001,17245.166015625,17568.315972222223,3564.8305384361174,14264.906339938087,20871.725604506359,57987.264320560847
square32/workers4,serial,4,1,32,32,32,32,1,0,0,0,7,2048,27314000,13336.9140625,2506.48,17245.166015625,17568.315972222223,3564.8305384361174,14264.906339938087,20871.725604506359,57987.264320560847
square32/workers4,serial,4,1,32,32,32,32,1,0,0,0,8,2048,32105100,15676.318359375,2764.5,17245.166015625,17568.315972222223,3564.8305384361174,14264.906339938087,20871.725604506359,57987.264320560847
square32/workers4,context_default,4,1,32,32,32,32,1,0,0,0,0,2048,37913100,18512.255859375,2690.7799999999997,16453.515625,17130.723741319445,3946.5871300283138,13473.553000826541,20787.894481812349,60777.284489921891
square32/workers4,context_default,4,1,32,32,32,32,1,0,0,0,1,2048,33696800,16453.515625,2469.6200000000003,16453.515625,17130.723741319445,3946.5871300283138,13473.553000826541,20787.894481812349,60777.284489921891
square32/workers4,context_default,4,1,32,32,32,32,1,0,0,0,2,2048,29650700,14477.880859375,2690.7799999999997,16453.515625,17130.723741319445,3946.5871300283138,13473.553000826541,20787.894481812349,60777.284489921891
square32/workers4,context_default,4,1,32,32,32,32,1,0,0,0,3,2048,38551400,18823.92578125,2580.1999999999998,16453.515625,17130.723741319445,3946.5871300283138,13473.553000826541,20787.894481812349,60777.284489921891
square32/workers4,context_default,4,1,32,32,32,32,1,0,0,0,4,2048,36954600,18044.23828125,2801.3600000000001,16453.515625,17130.723741319445,3946.5871300283138,13473.553000826541,20787.894481812349,60777.284489921891
square32/workers4,context_default,4,1,32,32,32,32,1,0,0,0,5,2048,29691600,14497.8515625,2838.2200000000003,16453.515625,17130.723741319445,3946.5871300283138,13473.553000826541,20787.894481812349,60777.284489921891
square32/workers4,context_default,4,1,32,32,32,32,1,0,0,0,6,2048,27860800,13603.90625,2617.0599999999999,16453.515625,17130.723741319445,3946.5871300283138,13473.553000826541,20787.894481812349,60777.284489921891
square32/workers4,context_default,4,1,32,32,32,32,1,0,0,0,7,2048,28010200,13676.85546875,2727.6399999999999,16453.515625,17130.723741319445,3946.5871300283138,13473.553000826541,20787.894481812349,60777.284489921891
square32/workers4,context_default,4,1,32,32,32,32,1,0,0,0,8,2048,53424300,26086.083984375,2580.1999999999998,16453.515625,17130.723741319445,3946.5871300283138,13473.553000826541,20787.894481812349,60777.284489921891
square32/workers4,context_forced,4,1,32,32,32,32,1,0,0,0,0,1024,18257000,17829.1015625,2506.48,13892.87109375,14369.466145833334,1344.5501597713317,13123.516331111899,15615.415960554768,71979.36216725361
square32/workers4,context_forced,4,1,32,32,32,32,1,0,0,0,1,1024,14744100,14398.53515625,2469.6200000000003,13892.87109375,14369.466145833334,1344.5501597713317,13123.516331111899,15615.415960554768,71979.36216725361
square32/workers4,context_forced,4,1,32,32,32,32,1,0,0,0,2,1024,14846500,14498.53515625,2580.1999999999998,13892.87109375,14369.466145833334,1344.5501597713317,13123.516331111899,15615.415960554768,71979.36216725361
square32/workers4,context_forced,4,1,32,32,32,32,1,0,0,0,3,1024,13922600,13596.2890625,2764.5,13892.87109375,14369.466145833334,1344.5501597713317,13123.516331111899,15615.415960554768,71979.36216725361
square32/workers4,context_forced,4,1,32,32,32,32,1,0,0,0,4,1024,14048100,13718.84765625,2764.5,13892.87109375,14369.466145833334,1344.5501597713317,13123.516331111899,15615.415960554768,71979.36216725361
square32/workers4,context_forced,4,1,32,32,32,32,1,0,0,0,5,1024,14541600,14200.78125,2911.9400000000001,13892.87109375,14369.466145833334,1344.5501597713317,13123.516331111899,15615.415960554768,71979.36216725361
square32/workers4,context_forced,4,1,32,32,32,32,1,0,0,0,6,1024,13922600,13596.2890625,2506.48,13892.87109375,14369.466145833334,1344.5501597713317,13123.516331111899,15615.415960554768,71979.36216725361
square32/workers4,context_forced,4,1,32,32,32,32,1,0,0,0,7,1024,13920200,13593.9453125,2580.1999999999998,13892.87109375,14369.466145833334,1344.5501597713317,13123.516331111899,15615.415960554768,71979.36216725361
square32/workers4,context_forced,4,1,32,32,32,32,1,0,0,0,8,1024,14226300,13892.87109375,2690.7799999999997,13892.87109375,14369.466145833334,1344.5501597713317,13123.516331111899,15615.415960554768,71979.36216725361
square16/workers1,serial,1,1,32,16,16,16,1,0,0,0,0,16384,26216800,1600.146484375,2690.7799999999997,1905.21240234375,2075.9629991319443,531.26103883888436,1583.6611031412449,2568.2648951226438,524875.86096427997
square16/workers1,serial,1,1,32,16,16,16,1,0,0,0,1,16384,28338000,1729.6142578125,2543.3399999999997,1905.21240234375,2075.9629991319443,531.26103883888436,1583.6611031412449,2568.2648951226438,524875.86096427997
square16/workers1,serial,1,1,32,16,16,16,1,0,0,0,2,16384,25438700,1552.655029296875,2727.6399999999999,1905.21240234375,2075.9629991319443,531.26103883888436,1583.6611031412449,2568.2648951226438,524875.86096427997
square16/workers1,serial,1,1,32,16,16,16,1,0,0,0,3,16384,46270000,2824.0966796875,2322.1799999999998,1905.21240234375,2075.9629991319443,531.26103883888436,1583.6611031412449,2568.2648951226438,524875.86096427997
square16/workers1,serial,1,1,32,16,16,16,1,0,0,0,4,16384,40897300,2496.173095703125,2469.6200000000003,1905.21240234375,2075.9629991319443,531.26103883888436,1583.6611031412449,2568.2648951226438,524875.86096427997
square16/workers1,serial,1,1,32,16,16,16,1,0,0,0,5,16384,47096200,2874.52392578125,2506.48,1905.21240234375,2075.9629991319443,531.26103883888436,1583.6611031412449,2568.2648951226438,524875.86096427997
square16/workers1,serial,1,1,32,16,16,16,1,0,0,0,6,16384,34545700,2108.502197265625,3206.8200000000002,1905.21240234375,2075.9629991319443,531.26103883888436,1583.6611031412449,2568.2648951226438,524875.86096427997
square16/workers1,serial,1,1,32,16,16,16,1,0,0,0,7,16384,31215000,1905.21240234375,3133.0999999999999,1905.21240234375,2075.9629991319443,531.26103883888436,1583.6611031412449,2568.2648951226438,524875.86096427997
square16/workers1,serial,1,1,32,16,16,16,1,0,0,0,8,16384,26095500,1592.742919921875,2801.3600000000001,1905.21240234375,2075.9629991319443,531.26103883888436,1583.6611031412449,2568.2648951226438,524875.86096427997
square16/workers1,context_default,1,1,32,16,16,16,1,0,0,0,0,8192,14891600,1817.822265625,2690.7799999999997,1817.822265625,2358.4445529513887,802.25655985458638,1615.0201408194721,3101.8689650833053,550108.78616132587
square16/workers1,context_default,1,1,32,16,16,16,1,0,0,0,1,8192,14203200,1733.7890625,2727.6399999999999,1817.822265625,2358.4445529513887,802.25655985458638,1615.0201408194721,3101.8689650833053,550108.78616132587
square16/workers1,context_default,1,1,32,16,16,16,1,0,0,0,2,8192,14099100,1721.08154296875,2359.04,1817.822265625,2358.4445529513887,802.25655985458638,1615.0201408194721,3101.8689650833053,550108.78616132587
square16/workers1,context_default,1,1,32,16,16,16,1,0,0,0,3,8192,27821600,3396.19140625,2322.1799999999998,1817.822265625,2358.4445529513887,802.25655985458638,1615.0201408194721,3101.8689650833053,550108.78616132587
square16/workers1,context_default,1,1,32,16,16,16,1,0,0,0,4,8192,23503800,2869.1162109375,2690.7799999999997,1817.822265625,2358.4445529513887,802.25655985458638,1615.0201408194721,3101.8689650833053,550108.78616132587
square16/workers1,context_default,1,1,32,16,16,16,1,0,0,0,5,8192,22747600,2776.806640625,2506.48,1817.822265625,2358.4445529513887,802.25655985458638,1615.0201408194721,3101.8689650833053,550108.78616132587
square16/workers1,context_default,1,1,32,16,16,16,1,0,0,0,6,8192,29483000,3598.9990234375,2690.7799999999997,1817.822265625,2358.4445529513887,802.25655985458638,1615.0201408194721,3101.8689650833053,550108.78616132587
square16/workers1,context_default,1,1,32,16,16,16,1,0,0,0,7,8192,12708800,1551.3671875,2985.6600000000003,1817.822265625,2358.4445529513887,802.25655985458638,1615.0201408194721,3101.8689650833053,550108.78616132587
square16/workers1,context_default,1,1,32,16,16,16,1,0,0,0,8,8192,14424700,1760.82763671875,2985.6600000000003,1817.822265625,2358.4445529513887,802.25655985458638,1615.0201408194721,3101.8689650833053,550108.78616132587
square16/workers1,context_forced,1,1,32,16,16,16,1,0,0,0,0,16384,36248100,2212.408447265625,2506.48,1741.229248046875,1869.8316786024307,314.51458863059878,1578.3814931380757,2161.2818640667856,574306.91629014001
square16/workers1,context_forced,1,1,32,16,16,16,1,0,0,0,1,16384,28528300,1741.229248046875,2690.7799999999997,1741.229248046875,1869.8316786024307,314.51458863059878,1578.3814931380757,2161.2818640667856,574306.91629014001
square16/workers1,context_forced,1,1,32,16,16,16,1,0,0,0,2,16384,25635800,1564.68505859375,2690.7799999999997,1741.229248046875,1869.8316786024307,314.51458863059878,1578.3814931380757,2161.2818640667856,574306.91629014001
square16/workers1,context_forced,1,1,32,16,16,16,1,0,0,0,3,16384,34515300,2106.646728515625,2469.6200000000003,1741.229248046875,1869.8316786024307,314.51458863059878,1578.3814931380757,2161.2818640667856,574306.91629014001
square16/workers1,context_forced,1,1,32,16,16,16,1,0,0,0,4,16384,25422900,1551.690673828125,2690.7799999999997,1741.229248046875,1869.8316786024307,314.51458863059878,1578.3814931380757,2161.2818640667856,574306.91629014001
square16/workers1,context_forced,1,1,32,16,16,16,1,0,0,0,5,16384,37890100,2312.628173828125,2395.9000000000001,1741.229248046875,1869.8316786024307,314.51458863059878,1578.3814931380757,2161.2818640667856,574306.91629014001
square16/workers1,context_forced,1,1,32,16,16,16,1,0,0,0,6,16384,34854200,2127.33154296875,3022.52,1741.229248046875,1869.8316786024307,314.51458863059878,1578.3814931380757,2161.2818640667856,574306.91629014001
square16/workers1,context_forced,1,1,32,16,16,16,1,0,0,0,7,16384,25461200,1554.0283203125,2985.6600000000003,1741.229248046875,1869.8316786024307,314.51458863059878,1578.3814931380757,2161.2818640667856,574306.91629014001
square16/workers1,context_forced,1,1,32,16,16,16,1,0,0,0,8,16384,27162000,1657.8369140625,2580.1999999999998,1741.229248046875,1869.8316786024307,314.51458863059878,1578.3814931380757,2161.2818640667856,574306.91629014001
grain1,serial,4,1,1,128,128,128,1,0,0,0,0,32,27594900,862340.625,2911.9400000000001,1075603.125,1074220.138888889,225307.53398605369,865435.15739514597,1283005.1203826321,929.71094705586688
grain1,serial,4,1,1,128,128,128,1,0,0,0,1,32,43141400,1348168.75,2764.5,1075603.125,1074220.138888889,225307.53398605369,865435.15739514597,1283005.1203826321,929.71094705586688
grain1,serial,4,1,1,128,128,128,1,0,0,0,2,32,29557200,923662.5,2911.9400000000001,1075603.125,1074220.138888889,225307.53398605369,865435.15739514597,1283005.1203826321,929.71094705586688
grain1,serial,4,1,1,128,128,128,1,0,0,0,3,32,38013600,1187925,2838.2200000000003,1075603.125,1074220.138888889,225307.53398605369,865435.15739514597,1283005.1203826321,929.71094705586688
grain1,serial,4,1,1,128,128,128,1,0,0,0,4,32,34419300,1075603.125,2838.2200000000003,1075603.125,1074220.138888889,225307.53398605369,865435.15739514597,1283005.1203826321,929.71094705586688
grain1,serial,4,1,1,128,128,128,1,0,0,0,5,32,28468900,889653.125,3169.96,1075603.125,1074220.138888889,225307.53398605369,865435.15739514597,1283005.1203826321,929.71094705586688
grain1,serial,4,1,1,128,128,128,1,0,0,0,6,32,35931500,1122859.375,3427.98,1075603.125,1074220.138888889,225307.53398605369,865435.15739514597,1283005.1203826321,929.71094705586688
grain1,serial,4,1,1,128,128,128,1,0,0,0,7,32,46448000,1451500,2911.9400000000001,1075603.125,1074220.138888889,225307.53398605369,865435.15739514597,1283005.1203826321,929.71094705586688
grain1,serial,4,1,1,128,128,128,1,0,0,0,8,32,25800600,806268.75,3059.3799999999997,1075603.125,1074220.138888889,225307.53398605369,865435.15739514597,1283005.1203826321,929.71094705586688
grain1,context_default,4,1,1,128,128,128,1,0,0,0,0,128,35984300,281127.34375,2911.9400000000001,246918.75,258463.54166666666,17628.235440718901,242128.04349160049,274799.03984173283,4049.9152049003974
grain1,context_default,4,1,1,128,128,128,1,0,0,0,1,128,33135700,258872.65625,2469.6200000000003,246918.75,258463.54166666666,17628.235440718901,242128.04349160049,274799.03984173283,4049.9152049003974
grain1,context_default,4,1,1,128,128,128,1,0,0,0,2,128,31605600,246918.75,2801.3600000000001,246918.75,258463.54166666666,17628.235440718901,242128.04349160049,274799.03984173283,4049.9152049003974
grain1,context_default,4,1,1,128,128,128,1,0,0,0,3,128,31262400,244237.5,2875.0799999999999,246918.75,258463.54166666666,17628.235440718901,242128.04349160049,274799.03984173283,4049.9152049003974
grain1,context_default,4,1,1,128,128,128,1,0,0,0,4,128,31605600,246918.75,2801.3600000000001,246918.75,258463.54166666666,17628.235440718901,242128.04349160049,274799.03984173283,4049.9152049003974
grain1,context_default,4,1,1,128,128,128,1,0,0,0,5,128,37219600,290778.125,3280.54,246918.75,258463.54166666666,17628.235440718901,242128.04349160049,274799.03984173283,4049.9152049003974
grain1,context_default,4,1,1,128,128,128,1,0,0,0,6,128,34265900,267702.34375,3391.1200000000003,246918.75,258463.54166666666,17628.235440718901,242128.04349160049,274799.03984173283,4049.9152049003974
grain1,context_default,4,1,1,128,128,128,1,0,0,0,7,128,31414000,245421.875,2764.5,246918.75,258463.54166666666,17628.235440718901,242128.04349160049,274799.03984173283,4049.9152049003974
grain1,context_default,4,1,1,128,128,128,1,0,0,0,8,128,31256900,244194.53125,3096.2399999999998,246918.75,258463.54166666666,17628.235440718901,242128.04349160049,274799.03984173283,4049.9152049003974
grain1,context_forced,4,1,1,128,128,128,1,0,0,0,0,128,36331900,283842.96875,2690.7799999999997,283842.96875,287579.07986111112,31872.181860183209,258044.19133734136,317113.96838488092,3523.0747634998443
grain1,context_forced,4,1,1,128,128,128,1,0,0,0,1,128,39870000,311484.375,2690.7799999999997,283842.96875,287579.07986111112,31872.181860183209,258044.19133734136,317113.96838488092,3523.0747634998443
grain1,context_forced,4,1,1,128,128,128,1,0,0,0,2,128,33233700,259638.28125,2985.6600000000003,283842.96875,287579.07986111112,31872.181860183209,258044.19133734136,317113.96838488092,3523.0747634998443
grain1,context_forced,4,1,1,128,128,128,1,0,0,0,3,128,31534000,246359.375,2875.0799999999999,283842.96875,287579.07986111112,31872.181860183209,258044.19133734136,317113.96838488092,3523.0747634998443
grain1,context_forced,4,1,1,128,128,128,1,0,0,0,4,128,41006600,320364.0625,2727.6399999999999,283842.96875,287579.07986111112,31872.181860183209,258044.19133734136,317113.96838488092,3523.0747634998443
grain1,context_forced,4,1,1,128,128,128,1,0,0,0,5,128,43983000,343617.1875,3391.1200000000003,283842.96875,287579.07986111112,31872.181860183209,258044.19133734136,317113.96838488092,3523.0747634998443
grain1,context_forced,4,1,1,128,128,128,1,0,0,0,6,128,33503700,261747.65625,3464.8399999999997,283842.96875,287579.07986111112,31872.181860183209,258044.19133734136,317113.96838488092,3523.0747634998443
grain1,context_forced,4,1,1,128,128,128,1,0,0,0,7,128,35098900,274210.15625,2801.3600000000001,283842.96875,287579.07986111112,31872.181860183209,258044.19133734136,317113.96838488092,3523.0747634998443
grain1,context_forced,4,1,1,128,128,128,1,0,0,0,8,128,36729300,286947.65625,3280.54,283842.96875,287579.07986111112,31872.181860183209,258044.19133734136,317113.96838488092,3523.0747634998443
square128/workers1,serial,1,1,32,128,128,128,1,0,0,0,0,32,26895900,840496.875,2432.7600000000002,906659.375,923972.22222222225,124494.72638653305,808607.10910403496,1039337.3353404095,1102.9500467030412
square128/workers1,serial,1,1,32,128,128,128,1,0,0,0,1,32,29981100,936909.375,2395.9000000000001,906659.375,923972.22222222225,124494.72638653305,808607.10910403496,1039337.3353404095,1102.9500467030412
square128/workers1,serial,1,1,32,128,128,128,1,0,0,0,2,32,39735500,1241734.375,2838.2200000000003,906659.375,923972.22222222225,124494.72638653305,808607.10910403496,1039337.3353404095,1102.9500467030412
square128/workers1,serial,1,1,32,128,128,128,1,0,0,0,3,32,29108100,909628.125,3169.96,906659.375,923972.22222222225,124494.72638653305,808607.10910403496,1039337.3353404095,1102.9500467030412
square128/workers1,serial,1,1,32,128,128,128,1,0,0,0,4,32,29013100,906659.375,2395.9000000000001,906659.375,923972.22222222225,124494.72638653305,808607.10910403496,1039337.3353404095,1102.9500467030412
square128/workers1,serial,1,1,32,128,128,128,1,0,0,0,5,32,28559200,892475,2801.3600000000001,906659.375,923972.22222222225,124494.72638653305,808607.10910403496,1039337.3353404095,1102.9500467030412
square128/workers1,serial,1,1,32,128,128,128,1,0,0,0,6,32,29056500,908015.625,2580.1999999999998,906659.375,923972.22222222225,124494.72638653305,808607.10910403496,1039337.3353404095,1102.9500467030412
square128/workers1,serial,1,1,32,128,128,128,1,0,0,0,7,32,26875400,839856.25,2432.7600000000002,906659.375,923972.22222222225,124494.72638653305,808607.10910403496,1039337.3353404095,1102.9500467030412
square128/workers1,serial,1,1,32,128,128,128,1,0,0,0,8,32,26879200,839975,2580.1999999999998,906659.375,923972.22222222225,124494.72638653305,808607.10910403496,1039337.3353404095,1102.9500467030412
square128/workers1,context_default,1,1,32,128,128,128,1,0,0,0,0,32,27443900,857621.875,2690.7799999999997,913090.625,1010493.0555555555,175678.10820388005,847698.00861996005,1173288.1024911511,1095.181543453039
square128/workers1,context_default,1,1,32,128,128,128,1,0,0,0,1,32,40615000,1269218.75,2506.48,913090.625,1010493.0555555555,175678.10820388005,847698.00861996005,1173288.1024911511,1095.181543453039
square128/workers1,context_default,1,1,32,128,128,128,1,0,0,0,2,32,28732600,897893.75,2764.5,913090.625,1010493.0555555555,175678.10820388005,847698.00861996005,1173288.1024911511,1095.181543453039
square128/workers1,context_default,1,1,32,128,128,128,1,0,0,0,3,32,30220200,944381.25,3096.2399999999998,913090.625,1010493.0555555555,175678.10820388005,847698.00861996005,1173288.1024911511,1095.181543453039
square128/workers1,context_default,1,1,32,128,128,128,1,0,0,0,4,32,29218900,913090.625,2617.0599999999999,913090.625,1010493.0555555555,175678.10820388005,847698.00861996005,1173288.1024911511,1095.181543453039
square128/workers1,context_default,1,1,32,128,128,128,1,0,0,0,5,32,38021100,1188159.375,2580.1999999999998,913090.625,1010493.0555555555,175678.10820388005,847698.00861996005,1173288.1024911511,1095.181543453039
square128/workers1,context_default,1,1,32,128,128,128,1,0,0,0,6,32,28815500,900484.375,2838.2200000000003,913090.625,1010493.0555555555,175678.10820388005,847698.00861996005,1173288.1024911511,1095.181543453039
square128/workers1,context_default,1,1,32,128,128,128,1,0,0,0,7,32,40422300,1263196.875,2469.6200000000003,913090.625,1010493.0555555555,175678.10820388005,847698.00861996005,1173288.1024911511,1095.181543453039
square128/workers1,context_default,1,1,32,128,128,128,1,0,0,0,8,32,27532500,860390.625,2543.3399999999997,913090.625,1010493.0555555555,175678.10820388005,847698.00861996005,1173288.1024911511,1095.181543453039
square128/workers1,context_forced,1,1,32,128,128,128,1,0,0,0,0,32,47925500,1497671.875,2617.0599999999999,1162362.5,1128611.4583333333,207273.05826757551,936538.42433871329,1320684.4923279532,860.31681166589601
square128/workers1,context_forced,1,1,32,128,128,128,1,0,0,0,1,32,39725300,1241415.625,2395.9000000000001,1162362.5,1128611.4583333333,207273.05826757551,936538.42433871329,1320684.4923279532,860.31681166589601
square128/workers1,context_forced,1,1,32,128,128,128,1,0,0,0,2,32,29312100,916003.125,2911.9400000000001,1162362.5,1128611.4583333333,207273.05826757551,936538.42433871329,1320684.4923279532,860.31681166589601
square128/workers1,context_forced,1,1,32,128,128,128,1,0,0,0,3,32,38373500,1199171.875,2948.8000000000002,1162362.5,1128611.4583333333,207273.05826757551,936538.42433871329,1320684.4923279532,860.31681166589601
square128/workers1,context_forced,1,1,32,128,128,128,1,0,0,0,4,32,37195600,1162362.5,2617.0599999999999,1162362.5,1128611.4583333333,207273.05826757551,936538.42433871329,1320684.4923279532,860.31681166589601
square128/workers1,context_forced,1,1,32,128,128,128,1,0,0,0,5,32,40301600,1259425,2948.8000000000002,1162362.5,1128611.4583333333,207273.05826757551,936538.42433871329,1320684.4923279532,860.31681166589601
square128/workers1,context_forced,1,1,32,128,128,128,1,0,0,0,6,32,28684800,896400,2875.0799999999999,1162362.5,1128611.4583333333,207273.05826757551,936538.42433871329,1320684.4923279532,860.31681166589601
square128/workers1,context_forced,1,1,32,128,128,128,1,0,0,0,7,32,36016600,1125518.75,2432.7600000000002,1162362.5,1128611.4583333333,207273.05826757551,936538.42433871329,1320684.4923279532,860.31681166589601
square128/workers1,context_forced,1,1,32,128,128,128,1,0,0,0,8,32,27505100,859534.375,2690.7799999999997,1162362.5,1128611.4583333333,207273.05826757551,936538.42433871329,1320684.4923279532,860.31681166589601
spin2000_square128,serial,4,1,32,128,128,128,1,0,0,2000,0,32,26933800,841681.25,2948.8000000000002,909325,974678.8194444445,217957.88959154391,772704.50842294714,1176653.1304659417,1099.7168229180986
spin2000_square128,serial,4,1,32,128,128,128,1,0,0,2000,1,32,29098400,909325,3022.52,909325,974678.8194444445,217957.88959154391,772704.50842294714,1176653.1304659417,1099.7168229180986
spin2000_square128,serial,4,1,32,128,128,128,1,0,0,2000,2,32,33597200,1049912.5,2875.0799999999999,909325,974678.8194444445,217957.88959154391,772704.50842294714,1176653.1304659417,1099.7168229180986
spin2000_square128,serial,4,1,32,128,128,128,1,0,0,2000,3,32,28108000,878375,3096.2399999999998,909325,974678.8194444445,217957.88959154391,772704.50842294714,1176653.1304659417,1099.7168229180986
spin2000_square128,serial,4,1,32,128,128,128,1,0,0,2000,4,32,48881900,1527559.375,2727.6399999999999,909325,974678.8194444445,217957.88959154391,772704.50842294714,1176653.1304659417,1099.7168229180986
spin2000_square128,serial,4,1,32,128,128,128,1,0,0,2000,5,32,30444200,951381.25,3133.0999999999999,909325,974678.8194444445,217957.88959154391,772704.50842294714,1176653.1304659417,1099.7168229180986
spin2000_square128,serial,4,1,32,128,128,128,1,0,0,2000,6,32,29669200,927162.5,3133.0999999999999,909325,974678.8194444445,217957.88959154391,772704.50842294714,1176653.1304659417,1099.7168229180986
spin2000_square128,serial,4,1,32,128,128,128,1,0,0,2000,7,32,27293000,852906.25,3354.2600000000002,909325,974678.8194444445,217957.88959154391,772704.50842294714,1176653.1304659417,1099.7168229180986
spin2000_square128,serial,4,1,32,128,128,128,1,0,0,2000,8,32,26681800,833806.25,3133.0999999999999,909325,974678.8194444445,217957.88959154391,772704.50842294714,1176653.1304659417,1099.7168229180986
spin2000_square128,context_default,4,1,32,128,128,128,1,0,0,2000,0,64,21857700,341526.5625,2948.8000000000002,277478.125,304739.40972222225,70270.524461830602,239622.05705425923,369856.76239018526,3603.8876938497406
spin2000_square128,context_default,4,1,32,128,128,128,1,0,0,2000,1,64,14518400,226850,3022.52,277478.125,304739.40972222225,70270.524461830602,239622.05705425923,369856.76239018526,3603.8876938497406
spin2000_square128,context_default,4,1,32,128,128,128,1,0,0,2000,2,64,14966200,233846.875,2838.2200000000003,277478.125,304739.40972222225,70270.524461830602,239622.05705425923,369856.76239018526,3603.8876938497406
spin2000_square128,context_default,4,1,32,128,128,128,1,0,0,2000,3,64,24924000,389437.5,2838.2200000000003,277478.125,304739.40972222225,70270.524461830602,239622.05705425923,369856.76239018526,3603.8876938497406
spin2000_square128,context_default,4,1,32,128,128,128,1,0,0,2000,4,64,25330800,395793.75,2948.8000000000002,277478.125,304739.40972222225,70270.524461830602,239622.05705425923,369856.76239018526,3603.8876938497406
spin2000_square128,context_default,4,1,32,128,128,128,1,0,0,2000,5,64,23996300,374942.1875,2911.9400000000001,277478.125,304739.40972222225,70270.524461830602,239622.05705425923,369856.76239018526,3603.8876938497406
spin2000_square128,context_default,4,1,32,128,128,128,1,0,0,2000,6,64,16774000,262093.75,2911.9400000000001,277478.125,304739.40972222225,70270.524461830602,239622.05705425923,369856.76239018526,3603.8876938497406
spin2000_square128,context_default,4,1,32,128,128,128,1,0,0,2000,7,64,17758600,277478.125,2948.8000000000002,277478.125,304739.40972222225,70270.524461830602,239622.05705425923,369856.76239018526,3603.8876938497406
spin2000_square128,context_default,4,1,32,128,128,128,1,0,0,2000,8,64,15403900,240685.9375,3133.0999999999999,277478.125,304739.40972222225,70270.524461830602,239622.05705425923,369856.76239018526,3603.8876938497406
spin2000_square128,context_forced,4,1,32,128,128,128,1,0,0,2000,0,128,29876600,233410.9375,2653.9200000000001,307819.53125,326808.07291666669,82151.304122037021,250681.19776357905,402934.94806975429,3248.6567565715504
spin2000_square128,context_forced,4,1,32,128,128,128,1,0,0,2000,1,128,51993200,406196.875,3022.52,307819.53125,326808.07291666669,82151.304122037021,250681.19776357905,402934.94806975429,3248.6567565715504
spin2000_square128,context_forced,4,1,32,128,128,128,1,0,0,2000,2,128,39400900,307819.53125,3243.6799999999998,307819.53125,326808.07291666669,82151.304122037021,250681.19776357905,402934.94806975429,3248.6567565715504
spin2000_square128,context_forced,4,1,32,128,128,128,1,0,0,2000,3,128,30560800,238756.25,3022.52,307819.53125,326808.07291666669,82151.304122037021,250681.19776357905,402934.94806975429,3248.6567565715504
spin2000_square128,context_forced,4,1,32,128,128,128,1,0,0,2000,4,128,53157200,415290.625,2506.48,307819.53125,326808.07291666669,82151.304122037021,250681.19776357905,402934.94806975429,3248.6567565715504
spin2000_square128,context_forced,4,1,32,128,128,128,1,0,0,2000,5,128,48151700,376185.15625,2838.2200000000003,307819.53125,326808.07291666669,82151.304122037021,250681.19776357905,402934.94806975429,3248.6567565715504
spin2000_square128,context_forced,4,1,32,128,128,128,1,0,0,2000,6,128,55460400,433284.375,3280.54,307819.53125,326808.07291666669,82151.304122037021,250681.19776357905,402934.94806975429,3248.6567565715504
spin2000_square128,context_forced,4,1,32,128,128,128,1,0,0,2000,7,128,30267800,236467.1875,2948.8000000000002,307819.53125,326808.07291666669,82151.304122037021,250681.19776357905,402934.94806975429,3248.6567565715504
spin2000_square128,context_forced,4,1,32,128,128,128,1,0,0,2000,8,128,37614300,293861.71875,3022.52,307819.53125,326808.07291666669,82151.304122037021,250681.19776357905,402934.94806975429,3248.6567565715504
square256/workers2,serial,2,1,32,256,256,256,1,0,0,0,0,4,50773800,12693450,2432.7600000000002,7282175,8098952.777777778,1835866.9730047013,6397716.0494600888,9800189.5060954671,137.32161064517126
square256/workers2,serial,2,1,32,256,256,256,1,0,0,0,1,4,29128700,7282175,3169.96,7282175,8098952.777777778,1835866.9730047013,6397716.0494600888,9800189.5060954671,137.32161064517126
square256/workers2,serial,2,1,32,256,256,256,1,0,0,0,2,4,30939200,7734800,3096.2399999999998,7282175,8098952.777777778,1835866.9730047013,6397716.0494600888,9800189.5060954671,137.32161064517126
square256/workers2,serial,2,1,32,256,256,256,1,0,0,0,3,4,28746400,7186600,2506.48,7282175,8098952.777777778,1835866.9730047013,6397716.0494600888,9800189.5060954671,137.32161064517126
square256/workers2,serial,2,1,32,256,256,256,1,0,0,0,4,4,36505200,9126300,2727.6399999999999,7282175,8098952.777777778,1835866.9730047013,6397716.0494600888,9800189.5060954671,137.32161064517126
square256/workers2,serial,2,1,32,256,256,256,1,0,0,0,5,4,28849400,7212350,2469.6200000000003,7282175,8098952.777777778,1835866.9730047013,6397716.0494600888,9800189.5060954671,137.32161064517126
square256/workers2,serial,2,1,32,256,256,256,1,0,0,0,6,4,28422600,7105650,2801.3600000000001,7282175,8098952.777777778,1835866.9730047013,6397716.0494600888,9800189.5060954671,137.32161064517126
square256/workers2,serial,2,1,32,256,256,256,1,0,0,0,7,4,28572800,7143200,2506.48,7282175,8098952.777777778,1835866.9730047013,6397716.0494600888,9800189.5060954671,137.32161064517126
square256/workers2,serial,2,1,32,256,256,256,1,0,0,0,8,4,29624200,7406050,2617.0599999999999,7282175,8098952.777777778,1835866.9730047013,6397716.0494600888,9800189.5060954671,137.32161064517126
square256/workers2,context_default,2,1,32,256,256,256,1,0,0,0,0,8,34993600,4374200,2506.48,4227000,4186002.777777778,293283.80118614534,3914226.4553452833,4457779.1002102727,236.5744026496333
square256/workers2,context_default,2,1,32,256,256,256,1,0,0,0,1,8,37336800,4667100,2985.6600000000003,4227000,4186002.777777778,293283.80118614534,3914226.4553452833,4457779.1002102727,236.5744026496333
square256/workers2,context_default,2,1,32,256,256,256,1,0,0,0,2,8,32611100,4076387.5,2727.6399999999999,4227000,4186002.777777778,293283.80118614534,3914226.4553452833,4457779.1002102727,236.5744026496333
square256/workers2,context_default,2,1,32,256,256,256,1,0,0,0,3,8,33816000,4227000,2690.7799999999997,4227000,4186002.777777778,293283.80118614534,3914226.4553452833,4457779.1002102727,236.5744026496333
square256/workers2,context_default,2,1,32,256,256,256,1,0,0,0,4,8,31826500,3978312.5,2838.2200000000003,4227000,4186002.777777778,293283.80118614534,3914226.4553452833,4457779.1002102727,236.5744026496333
square256/workers2,context_default,2,1,32,256,256,256,1,0,0,0,5,8,35501700,4437712.5,2432.7600000000002,4227000,4186002.777777778,293283.80118614534,3914226.4553452833,4457779.1002102727,236.5744026496333
square256/workers2,context_default,2,1,32,256,256,256,1,0,0,0,6,8,30512000,3814000,2506.48,4227000,4186002.777777778,293283.80118614534,3914226.4553452833,4457779.1002102727,236.5744026496333
square256/workers2,context_default,2,1,32,256,256,256,1,0,0,0,7,8,30393300,3799162.5,2617.0599999999999,4227000,4186002.777777778,293283.80118614534,3914226.4553452833,4457779.1002102727,236.5744026496333
square256/workers2,context_default,2,1,32,256,256,256,1,0,0,0,8,8,34401200,4300150,2727.6399999999999,4227000,4186002.777777778,293283.80118614534,3914226.4553452833,4457779.1002102727,236.5744026496333
square256/workers2,context_forced,2,1,32,256,256,256,1,0,0,0,0,8,32063700,4007962.5,2653.9200000000001,4111862.5,4393594.444444444,603530.34798743983,3834322.9886427498,4952865.9002461378,243.19879373398308
square256/workers2,context_forced,2,1,32,256,256,256,1,0,0,0,1,8,31194200,3899275,3169.96,4111862.5,4393594.444444444,603530.34798743983,3834322.9886427498,4952865.9002461378,243.19879373398308
square256/workers2,context_forced,2,1,32,256,256,256,1,0,0,0,2,8,30806900,3850862.5,2911.9400000000001,4111862.5,4393594.444444444,603530.34798743983,3834322.9886427498,4952865.9002461378,243.19879373398308
square256/workers2,context_forced,2,1,32,256,256,256,1,0,0,0,3,8,45423200,5677900,2690.7799999999997,4111862.5,4393594.444444444,603530.34798743983,3834322.9886427498,4952865.9002461378,243.19879373398308
square256/workers2,context_forced,2,1,32,256,256,256,1,0,0,0,4,8,38277900,4784737.5,2653.9200000000001,4111862.5,4393594.444444444,603530.34798743983,3834322.9886427498,4952865.9002461378,243.19879373398308
square256/workers2,context_forced,2,1,32,256,256,256,1,0,0,0,5,8,32894900,4111862.5,2432.7600000000002,4111862.5,4393594.444444444,603530.34798743983,3834322.9886427498,4952865.9002461378,243.19879373398308
square256/workers2,context_forced,2,1,32,256,256,256,1,0,0,0,6,8,38893700,4861712.5,2617.0599999999999,4111862.5,4393594.444444444,603530.34798743983,3834322.9886427498,4952865.9002461378,243.19879373398308
square256/workers2,context_forced,2,1,32,256,256,256,1,0,0,0,7,8,32428800,4053600,2543.3399999999997,4111862.5,4393594.444444444,603530.34798743983,3834322.9886427498,4952865.9002461378,243.19879373398308
square256/workers2,context_forced,2,1,32,256,256,256,1,0,0,0,8,8,34355500,4294437.5,2690.7799999999997,4111862.5,4393594.444444444,603530.34798743983,3834322.9886427498,4952865.9002461378,243.19879373398308
square64/workers4,serial,4,1,32,64,64,64,1,0,0,0,0,256,27213000,106300.78125,3059.3799999999997,106300.78125,129671.65798611111,34802.305126090498,97421.52190260058,161921.79406962162,9407.2685848675264
square64/workers4,serial,4,1,32,64,64,64,1,0,0,0,1,256,32338800,126323.4375,2875.0799999999999,106300.78125,129671.65798611111,34802.305126090498,97421.52190260058,161921.79406962162,9407.2685848675264
square64/workers4,serial,4,1,32,64,64,64,1,0,0,0,2,256,26686400,104243.75,2911.9400000000001,106300.78125,129671.65798611111,34802.305126090498,97421.52190260058,161921.79406962162,9407.2685848675264
square64/workers4,serial,4,1,32,64,64,64,1,0,0,0,3,256,26690100,104258.203125,2395.9000000000001,106300.78125,129671.65798611111,34802.305126090498,97421.52190260058,161921.79406962162,9407.2685848675264
square64/workers4,serial,4,1,32,64,64,64,1,0,0,0,4,256,26732700,104424.609375,2764.5,106300.78125,129671.65798611111,34802.305126090498,97421.52190260058,161921.79406962162,9407.2685848675264
square64/workers4,serial,4,1,32,64,64,64,1,0,0,0,5,256,26656300,104126.171875,2690.7799999999997,106300.78125,129671.65798611111,34802.305126090498,97421.52190260058,161921.79406962162,9407.2685848675264
square64/workers4,serial,4,1,32,64,64,64,1,0,0,0,6,256,50648600,197846.09375,2911.9400000000001,106300.78125,129671.65798611111,34802.305126090498,97421.52190260058,161921.79406962162,9407.2685848675264
square64/workers4,serial,4,1,32,64,64,64,1,0,0,0,7,256,39169100,153004.296875,2653.9200000000001,106300.78125,129671.65798611111,34802.305126090498,97421.52190260058,161921.79406962162,9407.2685848675264
square64/workers4,serial,4,1,32,64,64,64,1,0,0,0,8,256,42628500,166517.578125,2653.9200000000001,106300.78125,129671.65798611111,34802.305126090498,97421.52190260058,161921.79406962162,9407.2685848675264
square64/workers4,context_default,4,1,32,64,64,64,1,0,0,0,0,256,27869600,108865.625,3280.54,108865.625,121800.390625,19606.835090193123,103631.39010808771,139969.39114191229,9185.6359617647904
square64/workers4,context_default,4,1,32,64,64,64,1,0,0,0,1,256,33255800,129905.46875,3243.6799999999998,108865.625,121800.390625,19606.835090193123,103631.39010808771,139969.39114191229,9185.6359617647904
square64/workers4,context_default,4,1,32,64,64,64,1,0,0,0,2,256,27236700,106393.359375,2985.6600000000003,108865.625,121800.390625,19606.835090193123,103631.39010808771,139969.39114191229,9185.6359617647904
square64/workers4,context_default,4,1,32,64,64,64,1,0,0,0,3,256,27693800,108178.90625,2690.7799999999997,108865.625,121800.390625,19606.835090193123,103631.39010808771,139969.39114191229,9185.6359617647904
square64/workers4,context_default,4,1,32,64,64,64,1,0,0,0,4,256,27252000,106453.125,2580.1999999999998,108865.625,121800.390625,19606.835090193123,103631.39010808771,139969.39114191229,9185.6359617647904
square64/workers4,context_default,4,1,32,64,64,64,1,0,0,0,5,256,27269200,106520.3125,2764.5,108865.625,121800.390625,19606.835090193123,103631.39010808771,139969.39114191229,9185.6359617647904
square64/workers4,context_default,4,1,32,64,64,64,1,0,0,0,6,256,35041000,136878.90625,2690.7799999999997,108865.625,121800.390625,19606.835090193123,103631.39010808771,139969.39114191229,9185.6359617647904
square64/workers4,context_default,4,1,32,64,64,64,1,0,0,0,7,256,41563200,162356.25,2838.2200000000003,108865.625,121800.390625,19606.835090193123,103631.39010808771,139969.39114191229,9185.6359617647904
square64/workers4,context_default,4,1,32,64,64,64,1,0,0,0,8,256,33446800,130651.5625,2727.6399999999999,108865.625,121800.390625,19606.835090193123,103631.39010808771,139969.39114191229,9185.6359617647904
square64/workers4,context_forced,4,1,32,64,64,64,1,0,0,0,0,512,34292500,66977.5390625,2948.8000000000002,70753.3203125,70818.706597222219,4062.6120516982205,67054.019429315202,74583.393765129236,14133.612324951622
square64/workers4,context_forced,4,1,32,64,64,64,1,0,0,0,1,512,36225700,70753.3203125,2801.3600000000001,70753.3203125,70818.706597222219,4062.6120516982205,67054.019429315202,74583.393765129236,14133.612324951622
square64/workers4,context_forced,4,1,32,64,64,64,1,0,0,0,2,512,34439200,67264.0625,2653.9200000000001,70753.3203125,70818.706597222219,4062.6120516982205,67054.019429315202,74583.393765129236,14133.612324951622
square64/workers4,context_forced,4,1,32,64,64,64,1,0,0,0,3,512,36229600,70760.9375,2469.6200000000003,70753.3203125,70818.706597222219,4062.6120516982205,67054.019429315202,74583.393765129236,14133.612324951622
square64/workers4,context_forced,4,1,32,64,64,64,1,0,0,0,4,512,35240800,68829.6875,2875.0799999999999,70753.3203125,70818.706597222219,4062.6120516982205,67054.019429315202,74583.393765129236,14133.612324951622
square64/workers4,context_forced,4,1,32,64,64,64,1,0,0,0,5,512,37641200,73517.96875,2838.2200000000003,70753.3203125,70818.706597222219,4062.6120516982205,67054.019429315202,74583.393765129236,14133.612324951622
square64/workers4,context_forced,4,1,32,64,64,64,1,0,0,0,6,512,40983100,80045.1171875,3059.3799999999997,70753.3203125,70818.706597222219,4062.6120516982205,67054.019429315202,74583.393765129236,14133.612324951622
square64/workers4,context_forced,4,1,32,64,64,64,1,0,0,0,7,512,36477600,71245.3125,2617.0599999999999,70753.3203125,70818.706597222219,4062.6120516982205,67054.019429315202,74583.393765129236,14133.612324951622
square64/workers4,context_forced,4,1,32,64,64,64,1,0,0,0,8,512,34802900,67974.4140625,2838.2200000000003,70753.3203125,70818.706597222219,4062.6120516982205,67054.019429315202,74583.393765129236,14133.612324951622
square16/workers4,serial,4,1,32,16,16,16,1,0,0,0,0,16384,32298700,1971.356201171875,2469.6200000000003,1977.825927734375,2236.8916829427085,371.80571227413282,1892.3517229020122,2581.4316429834048,505605.6683135471
square16/workers4,serial,4,1,32,16,16,16,1,0,0,0,1,16384,32392700,1977.093505859375,2727.6399999999999,1977.825927734375,2236.8916829427085,371.80571227413282,1892.3517229020122,2581.4316429834048,505605.6683135471
square16/workers4,serial,4,1,32,16,16,16,1,0,0,0,2,16384,49129600,2998.6328125,2580.1999999999998,1977.825927734375,2236.8916829427085,371.80571227413282,1892.3517229020122,2581.4316429834048,505605.6683135471
square16/workers4,serial,4,1,32,16,16,16,1,0,0,0,3,16384,42323300,2583.209228515625,2727.6399999999999,1977.825927734375,2236.8916829427085,371.80571227413282,1892.3517229020122,2581.4316429834048,505605.6683135471
square16/workers4,serial,4,1,32,16,16,16,1,0,0,0,4,16384,32400900,1977.593994140625,2469.6200000000003,1977.825927734375,2236.8916829427085,371.80571227413282,1892.3517229020122,2581.4316429834048,505605.6683135471
square16/workers4,serial,4,1,32,16,16,16,1,0,0,0,5,16384,32404700,1977.825927734375,2690.7799999999997,1977.825927734375,2236.8916829427085,371.80571227413282,1892.3517229020122,2581.4316429834048,505605.6683135471
square16/workers4,serial,4,1,32,16,16,16,1,0,0,0,6,16384,32305900,1971.795654296875,2543.3399999999997,1977.825927734375,2236.8916829427085,371.80571227413282,1892.3517229020122,2581.4316429834048,505605.6683135471
square16/workers4,serial,4,1,32,16,16,16,1,0,0,0,7,16384,35892600,2190.71044921875,2543.3399999999997,1977.825927734375,2236.8916829427085,371.80571227413282,1892.3517229020122,2581.4316429834048,505605.6683135471
square16/workers4,serial,4,1,32,16,16,16,1,0,0,0,8,16384,40694700,2483.807373046875,2432.7600000000002,1977.825927734375,2236.8916829427085,371.80571227413282,1892.3517229020122,2581.4316429834048,505605.6683135471
square16/workers4,context_default,4,1,32,16,16,16,1,0,0,0,0,16384,33141100,2022.772216796875,2690.7799999999997,2022.83935546875,2208.9911566840278,361.34278897150853,1874.1468389037632,2543.8354744642925,494354.62944523903
square16/workers4,context_default,4,1,32,16,16,16,1,0,0,0,1,16384,33236300,2028.582763671875,2432.7600000000002,2022.83935546875,2208.9911566840278,361.34278897150853,1874.1468389037632,2543.8354744642925,494354.62944523903
square16/workers4,context_default,4,1,32,16,16,16,1,0,0,0,2,16384,33142200,2022.83935546875,2432.7600000000002,2022.83935546875,2208.9911566840278,361.34278897150853,1874.1468389037632,2543.8354744642925,494354.62944523903
square16/workers4,context_default,4,1,32,16,16,16,1,0,0,0,3,16384,34621200,2113.1103515625,3059.3799999999997,2022.83935546875,2208.9911566840278,361.34278897150853,1874.1468389037632,2543.8354744642925,494354.62944523903
square16/workers4,context_default,4,1,32,16,16,16,1,0,0,0,4,16384,33075500,2018.768310546875,2395.9000000000001,2022.83935546875,2208.9911566840278,361.34278897150853,1874.1468389037632,2543.8354744642925,494354.62944523903
square16/workers4,context_default,4,1,32,16,16,16,1,0,0,0,5,16384,33047300,2017.047119140625,2617.0599999999999,2022.83935546875,2208.9911566840278,361.34278897150853,1874.1468389037632,2543.8354744642925,494354.62944523903
square16/workers4,context_default,4,1,32,16,16,16,1,0,0,0,6,16384,33058000,2017.7001953125,2580.1999999999998,2022.83935546875,2208.9911566840278,361.34278897150853,1874.1468389037632,2543.8354744642925,494354.62944523903
square16/workers4,context_default,4,1,32,16,16,16,1,0,0,0,7,16384,42987400,2623.74267578125,2580.1999999999998,2022.83935546875,2208.9911566840278,361.34278897150853,1874.1468389037632,2543.8354744642925,494354.62944523903
square16/workers4,context_default,4,1,32,16,16,16,1,0,0,0,8,16384,49420000,3016.357421875,2359.04,2022.83935546875,2208.9911566840278,361.34278897150853,1874.1468389037632,2543.8354744642925,494354.62944523903
square16/workers4,context_forced,4,1,32,16,16,16,1,0,0,0,0,8192,16560500,2021.54541015625,2690.7799999999997,2022.30224609375,2370.3179253472222,753.27612851687809,1672.2820462549153,3068.3538044395291,494485.92658767285
square16/workers4,context_forced,4,1,32,16,16,16,1,0,0,0,1,8192,16647900,2032.21435546875,2690.7799999999997,2022.30224609375,2370.3179253472222,753.27612851687809,1672.2820462549153,3068.3538044395291,494485.92658767285
square16/workers4,context_forced,4,1,32,16,16,16,1,0,0,0,2,8192,16615300,2028.23486328125,2432.7600000000002,2022.30224609375,2370.3179253472222,753.27612851687809,1672.2820462549153,3068.3538044395291,494485.92658767285
square16/workers4,context_forced,4,1,32,16,16,16,1,0,0,0,3,8192,16566700,2022.30224609375,2875.0799999999999,2022.30224609375,2370.3179253472222,753.27612851687809,1672.2820462549153,3068.3538044395291,494485.92658767285
square16/workers4,context_forced,4,1,32,16,16,16,1,0,0,0,4,8192,16520400,2016.650390625,2506.48,2022.30224609375,2370.3179253472222,753.27612851687809,1672.2820462549153,3068.3538044395291,494485.92658767285
square16/workers4,context_forced,4,1,32,16,16,16,1,0,0,0,5,8192,16501700,2014.36767578125,2690.7799999999997,2022.30224609375,2370.3179253472222,753.27612851687809,1672.2820462549153,3068.3538044395291,494485.92658767285
square16/workers4,context_forced,4,1,32,16,16,16,1,0,0,0,6,8192,16515200,2016.015625,2543.3399999999997,2022.30224609375,2370.3179253472222,753.27612851687809,1672.2820462549153,3068.3538044395291,494485.92658767285
square16/workers4,context_forced,4,1,32,16,16,16,1,0,0,0,7,8192,24538000,2995.361328125,2543.3399999999997,2022.30224609375,2370.3179253472222,753.27612851687809,1672.2820462549153,3068.3538044395291,494485.92658767285
square16/workers4,context_forced,4,1,32,16,16,16,1,0,0,0,8,8192,34293100,4186.16943359375,2948.8000000000002,2022.30224609375,2370.3179253472222,753.27612851687809,1672.2820462549153,3068.3538044395291,494485.92658767285
square32/workers1,serial,1,1,32,32,32,32,1,0,0,0,0,2048,27370400,13364.453125,2764.5,15390.771484375,15966.796875,2459.3146033184139,13687.832009258269,18245.761740741731,64974.000881971304
square32/workers1,serial,1,1,32,32,32,32,1,0,0,0,1,2048,29890900,14595.166015625,2911.9400000000001,15390.771484375,15966.796875,2459.3146033184139,13687.832009258269,18245.761740741731,64974.000881971304
square32/workers1,serial,1,1,32,32,32,32,1,0,0,0,2,2048,38161100,18633.349609375,2727.6399999999999,15390.771484375,15966.796875,2459.3146033184139,13687.832009258269,18245.761740741731,64974.000881971304
square32/workers1,serial,1,1,32,32,32,32,1,0,0,0,3,2048,41772900,20396.923828125,2506.48,15390.771484375,15966.796875,2459.3146033184139,13687.832009258269,18245.761740741731,64974.000881971304
square32/workers1,serial,1,1,32,32,32,32,1,0,0,0,4,2048,31520300,15390.771484375,2543.3399999999997,15390.771484375,15966.796875,2459.3146033184139,13687.832009258269,18245.761740741731,64974.000881971304
square32/workers1,serial,1,1,32,32,32,32,1,0,0,0,5,2048,32636400,15935.7421875,2432.7600000000002,15390.771484375,15966.796875,2459.3146033184139,13687.832009258269,18245.761740741731,64974.000881971304
square32/workers1,serial,1,1,32,32,32,32,1,0,0,0,6,2048,27948300,13646.630859375,2690.7799999999997,15390.771484375,15966.796875,2459.3146033184139,13687.832009258269,18245.761740741731,64974.000881971304
square32/workers1,serial,1,1,32,32,32,32,1,0,0,0,7,2048,28597700,13963.720703125,2727.6399999999999,15390.771484375,15966.796875,2459.3146033184139,13687.832009258269,18245.761740741731,64974.000881971304
square32/workers1,serial,1,1,32,32,32,32,1,0,0,0,8,2048,36402000,17774.4140625,2690.7799999999997,15390.771484375,15966.796875,2459.3146033184139,13687.832009258269,18245.761740741731,64974.000881971304
square32/workers1,context_default,1,1,32,32,32,32,1,0,0,0,0,1024,13745500,13423.33984375,2801.3600000000001,13626.5625,15786.295572916666,4510.6448586983352,11606.431337189542,19966.159808643788,73386.07957803004
square32/workers1,context_default,1,1,32,32,32,32,1,0,0,0,1,1024,13954500,13627.44140625,2727.6399999999999,13626.5625,15786.295572916666,4510.6448586983352,11606.431337189542,19966.159808643788,73386.07957803004
square32/workers1,context_default,1,1,32,32,32,32,1,0,0,0,2,1024,13941800,13615.0390625,2985.6600000000003,13626.5625,15786.295572916666,4510.6448586983352,11606.431337189542,19966.159808643788,73386.07957803004
square32/workers1,context_default,1,1,32,32,32,32,1,0,0,0,3,1024,13940200,13613.4765625,2432.7600000000002,13626.5625,15786.295572916666,4510.6448586983352,11606.431337189542,19966.159808643788,73386.07957803004
square32/workers1,context_default,1,1,32,32,32,32,1,0,0,0,4,1024,22707900,22175.68359375,2543.3399999999997,13626.5625,15786.295572916666,4510.6448586983352,11606.431337189542,19966.159808643788,73386.07957803004
square32/workers1,context_default,1,1,32,32,32,32,1,0,0,0,5,1024,13957600,13630.46875,2653.9200000000001,13626.5625,15786.295572916666,4510.6448586983352,11606.431337189542,19966.159808643788,73386.07957803004
square32/workers1,context_default,1,1,32,32,32,32,1,0,0,0,6,1024,13589600,13271.09375,2690.7799999999997,13626.5625,15786.295572916666,4510.6448586983352,11606.431337189542,19966.159808643788,73386.07957803004
square32/workers1,context_default,1,1,32,32,32,32,1,0,0,0,7,1024,13953600,13626.5625,2727.6399999999999,13626.5625,15786.295572916666,4510.6448586983352,11606.431337189542,19966.159808643788,73386.07957803004
square32/workers1,context_default,1,1,32,32,32,32,1,0,0,0,8,1024,25695800,25093.5546875,2543.3399999999997,13626.5625,15786.295572916666,4510.6448586983352,11606.431337189542,19966.159808643788,73386.07957803004
square32/workers1,context_forced,1,1,32,32,32,32,1,0,0,0,0,2048,28226800,13782.6171875,2764.5,13782.6171875,15554.763454861111,2605.993173042184,13139.87644784202,17969.650461880203,72555.160344070173
square32/workers1,context_forced,1,1,32,32,32,32,1,0,0,0,1,2048,28067900,13705.029296875,2801.3600000000001,13782.6171875,15554.763454861111,2605.993173042184,13139.87644784202,17969.650461880203,72555.160344070173
square32/workers1,context_forced,1,1,32,32,32,32,1,0,0,0,2,2048,27953900,13649.365234375,2985.6600000000003,13782.6171875,15554.763454861111,2605.993173042184,13139.87644784202,17969.650461880203,72555.160344070173
square32/workers1,context_forced,1,1,32,32,32,32,1,0,0,0,3,2048,38304100,18703.173828125,2617.0599999999999,13782.6171875,15554.763454861111,2605.993173042184,13139.87644784202,17969.650461880203,72555.160344070173
square32/workers1,context_forced,1,1,32,32,32,32,1,0,0,0,4,2048,27915600,13630.6640625,2432.7600000000002,13782.6171875,15554.763454861111,2605.993173042184,13139.87644784202,17969.650461880203,72555.160344070173
square32/workers1,context_forced,1,1,32,32,32,32,1,0,0,0,5,2048,39460000,19267.578125,2580.1999999999998,13782.6171875,15554.763454861111,2605.993173042184,13139.87644784202,17969.650461880203,72555.160344070173
square32/workers1,context_forced,1,1,32,32,32,32,1,0,0,0,6,2048,27901400,13623.73046875,2727.6399999999999,13782.6171875,15554.763454861111,2605.993173042184,13139.87644784202,17969.650461880203,72555.160344070173
square32/workers1,context_forced,1,1,32,32,32,32,1,0,0,0,7,2048,38978300,19032.373046875,2985.6600000000003,13782.6171875,15554.763454861111,2605.993173042184,13139.87644784202,17969.650461880203,72555.160344070173
square32/workers1,context_forced,1,1,32,32,32,32,1,0,0,0,8,2048,29897400,14598.33984375,2543.3399999999997,13782.6171875,15554.763454861111,2605.993173042184,13139.87644784202,17969.650461880203,72555.160344070173
spin2000_square64,serial,4,1,32,64,64,64,1,0,0,2000,0,256,28074400,109665.625,2985.6600000000003,109665.625,120350.21701388889,30083.191069093107,92473.126623195945,148227.30740458184,9118.6276465391966
spin2000_square64,serial,4,1,32,64,64,64,1,0,0,2000,1,256,29996900,117175.390625,3206.8200000000002,109665.625,120350.21701388889,30083.191069093107,92473.126623195945,148227.30740458184,9118.6276465391966
spin2000_square64,serial,4,1,32,64,64,64,1,0,0,2000,2,256,26639600,104060.9375,3059.3799999999997,109665.625,120350.21701388889,30083.191069093107,92473.126623195945,148227.30740458184,9118.6276465391966
spin2000_square64,serial,4,1,32,64,64,64,1,0,0,2000,3,256,26676900,104206.640625,2985.6600000000003,109665.625,120350.21701388889,30083.191069093107,92473.126623195945,148227.30740458184,9118.6276465391966
spin2000_square64,serial,4,1,32,64,64,64,1,0,0,2000,4,256,26632700,104033.984375,2948.8000000000002,109665.625,120350.21701388889,30083.191069093107,92473.126623195945,148227.30740458184,9118.6276465391966
spin2000_square64,serial,4,1,32,64,64,64,1,0,0,2000,5,256,50367200,196746.875,2875.0799999999999,109665.625,120350.21701388889,30083.191069093107,92473.126623195945,148227.30740458184,9118.6276465391966
spin2000_square64,serial,4,1,32,64,64,64,1,0,0,2000,6,256,33814500,132087.890625,2948.8000000000002,109665.625,120350.21701388889,30083.191069093107,92473.126623195945,148227.30740458184,9118.6276465391966
spin2000_square64,serial,4,1,32,64,64,64,1,0,0,2000,7,256,26663600,104154.6875,3206.8200000000002,109665.625,120350.21701388889,30083.191069093107,92473.126623195945,148227.30740458184,9118.6276465391966
spin2000_square64,serial,4,1,32,64,64,64,1,0,0,2000,8,256,28421100,111019.921875,3096.2399999999998,109665.625,120350.21701388889,30083.191069093107,92473.126623195945,148227.30740458184,9118.6276465391966
spin2000_square64,context_default,4,1,32,64,64,64,1,0,0,2000,0,256,27256700,106471.484375,3317.4000000000001,106471.484375,119533.46354166667,28520.634934873346,93104.3418353507,145962.58524798264,9392.1861413890892
spin2000_square64,context_default,4,1,32,64,64,64,1,0,0,2000,1,256,27234400,106384.375,3133.0999999999999,106471.484375,119533.46354166667,28520.634934873346,93104.3418353507,145962.58524798264,9392.1861413890892
spin2000_square64,context_default,4,1,32,64,64,64,1,0,0,2000,2,256,26904200,105094.53125,2985.6600000000003,106471.484375,119533.46354166667,28520.634934873346,93104.3418353507,145962.58524798264,9392.1861413890892
spin2000_square64,context_default,4,1,32,64,64,64,1,0,0,2000,3,256,27172100,106141.015625,2911.9400000000001,106471.484375,119533.46354166667,28520.634934873346,93104.3418353507,145962.58524798264,9392.1861413890892
spin2000_square64,context_default,4,1,32,64,64,64,1,0,0,2000,4,256,30090200,117539.84375,2985.6600000000003,106471.484375,119533.46354166667,28520.634934873346,93104.3418353507,145962.58524798264,9392.1861413890892
spin2000_square64,context_default,4,1,32,64,64,64,1,0,0,2000,5,256,27146400,106040.625,2617.0599999999999,106471.484375,119533.46354166667,28520.634934873346,93104.3418353507,145962.58524798264,9392.1861413890892
spin2000_square64,context_default,4,1,32,64,64,64,1,0,0,2000,6,256,49316600,192642.96875,2653.9200000000001,106471.484375,119533.46354166667,28520.634934873346,93104.3418353507,145962.58524798264,9392.1861413890892
spin2000_square64,context_default,4,1,32,64,64,64,1,0,0,2000,7,256,27346000,106820.3125,2727.6399999999999,106471.484375,119533.46354166667,28520.634934873346,93104.3418353507,145962.58524798264,9392.1861413890892
spin2000_square64,context_default,4,1,32,64,64,64,1,0,0,2000,8,256,32938500,128666.015625,3059.3799999999997,106471.484375,119533.46354166667,28520.634934873346,93104.3418353507,145962.58524798264,9392.1861413890892
spin2000_square64,context_forced,4,1,32,64,64,64,1,0,0,2000,0,512,47605800,92980.078125,3501.6999999999998,82199.609375,88978.797743055562,16091.431878140344,74067.404202645514,103890.19128346561,12165.50793371699
spin2000_square64,context_forced,4,1,32,64,64,64,1,0,0,2000,1,512,40023300,78170.5078125,3427.98,82199.609375,88978.797743055562,16091.431878140344,74067.404202645514,103890.19128346561,12165.50793371699
spin2000_square64,context_forced,4,1,32,64,64,64,1,0,0,2000,2,512,39898100,77925.9765625,3133.0999999999999,82199.609375,88978.797743055562,16091.431878140344,74067.404202645514,103890.19128346561,12165.50793371699
spin2000_square64,context_forced,4,1,32,64,64,64,1,0,0,2000,3,512,55866000,109113.28125,2653.9200000000001,82199.609375,88978.797743055562,16091.431878140344,74067.404202645514,103890.19128346561,12165.50793371699
spin2000_square64,context_forced,4,1,32,64,64,64,1,0,0,2000,4,512,48035100,93818.5546875,2764.5,82199.609375,88978.797743055562,16091.431878140344,74067.404202645514,103890.19128346561,12165.50793371699
spin2000_square64,context_forced,4,1,32,64,64,64,1,0,0,2000,5,512,42086200,82199.609375,2395.9000000000001,82199.609375,88978.797743055562,16091.431878140344,74067.404202645514,103890.19128346561,12165.50793371699
spin2000_square64,context_forced,4,1,32,64,64,64,1,0,0,2000,6,512,41454900,80966.6015625,2875.0799999999999,82199.609375,88978.797743055562,16091.431878140344,74067.404202645514,103890.19128346561,12165.50793371699
spin2000_square64,context_forced,4,1,32,64,64,64,1,0,0,2000,7,512,60312400,117797.65625,3354.2600000000002,82199.609375,88978.797743055562,16091.431878140344,74067.404202645514,103890.19128346561,12165.50793371699
spin2000_square64,context_forced,4,1,32,64,64,64,1,0,0,2000,8,512,34732500,67836.9140625,2948.8000000000002,82199.609375,88978.797743055562,16091.431878140344,74067.404202645514,103890.19128346561,12165.50793371699
nested4,serial,4,4,32,128,128,128,1,1,0,0,0,16,20949000,327328.125,2801.3600000000001,284117.1875,286990.10416666669,68659.540310039491,223365.59681269678,350614.61152063659,3519.6744301152144
nested4,serial,4,4,32,128,128,128,1,1,0,0,1,16,15699400,245303.125,3059.3799999999997,284117.1875,286990.10416666669,68659.540310039491,223365.59681269678,350614.61152063659,3519.6744301152144
nested4,serial,4,4,32,128,128,128,1,1,0,0,2,16,14407000,225109.375,3391.1200000000003,284117.1875,286990.10416666669,68659.540310039491,223365.59681269678,350614.61152063659,3519.6744301152144
nested4,serial,4,4,32,128,128,128,1,1,0,0,3,16,18183500,284117.1875,3354.2600000000002,284117.1875,286990.10416666669,68659.540310039491,223365.59681269678,350614.61152063659,3519.6744301152144
nested4,serial,4,4,32,128,128,128,1,1,0,0,4,16,24459200,382175,3354.2600000000002,284117.1875,286990.10416666669,68659.540310039491,223365.59681269678,350614.61152063659,3519.6744301152144
nested4,serial,4,4,32,128,128,128,1,1,0,0,5,16,13612100,212689.0625,2838.2200000000003,284117.1875,286990.10416666669,68659.540310039491,223365.59681269678,350614.61152063659,3519.6744301152144
nested4,serial,4,4,32,128,128,128,1,1,0,0,6,16,25366900,396357.8125,3169.96,284117.1875,286990.10416666669,68659.540310039491,223365.59681269678,350614.61152063659,3519.6744301152144
nested4,serial,4,4,32,128,128,128,1,1,0,0,7,16,14336300,224004.6875,2838.2200000000003,284117.1875,286990.10416666669,68659.540310039491,223365.59681269678,350614.61152063659,3519.6744301152144
nested4,serial,4,4,32,128,128,128,1,1,0,0,8,16,18292900,285826.5625,2617.0599999999999,284117.1875,286990.10416666669,68659.540310039491,223365.59681269678,350614.61152063659,3519.6744301152144
nested4,context_default,4,4,32,128,128,128,1,1,0,0,0,32,42100300,328908.59375,2948.8000000000002,261746.09375,275924.21875,51980.311243373755,227755.79699780699,324092.64050219301,3820.4963660513081
nested4,context_default,4,4,32,128,128,128,1,1,0,0,1,32,28286100,220985.15625,3022.52,261746.09375,275924.21875,51980.311243373755,227755.79699780699,324092.64050219301,3820.4963660513081
nested4,context_default,4,4,32,128,128,128,1,1,0,0,2,32,32784400,256128.125,2727.6399999999999,261746.09375,275924.21875,51980.311243373755,227755.79699780699,324092.64050219301,3820.4963660513081
nested4,context_default,4,4,32,128,128,128,1,1,0,0,3,32,28195600,220278.125,3391.1200000000003,261746.09375,275924.21875,51980.311243373755,227755.79699780699,324092.64050219301,3820.4963660513081
nested4,context_default,4,4,32,128,128,128,1,1,0,0,4,32,30268100,236469.53125,3169.96,261746.09375,275924.21875,51980.311243373755,227755.79699780699,324092.64050219301,3820.4963660513081
nested4,context_default,4,4,32,128,128,128,1,1,0,0,5,32,33503500,261746.09375,3427.98,261746.09375,275924.21875,51980.311243373755,227755.79699780699,324092.64050219301,3820.4963660513081
nested4,context_default,4,4,32,128,128,128,1,1,0,0,6,32,34301700,267982.03125,2875.0799999999999,261746.09375,275924.21875,51980.311243373755,227755.79699780699,324092.64050219301,3820.4963660513081
nested4,context_default,4,4,32,128,128,128,1,1,0,0,7,32,46811000,365710.9375,2985.6600000000003,261746.09375,275924.21875,51980.311243373755,227755.79699780699,324092.64050219301,3820.4963660513081
nested4,context_default,4,4,32,128,128,128,1,1,0,0,8,32,41614000,325109.375,2838.2200000000003,261746.09375,275924.21875,51980.311243373755,227755.79699780699,324092.64050219301,3820.4963660513081
nested4,context_forced,4,4,32,128,128,128,1,1,0,0,0,32,31604000,246906.25,2801.3600000000001,283213.28125,297242.01388888888,63183.72333083913,238691.76360231129,355792.26417546649,3530.9078570975385
nested4,context_forced,4,4,32,128,128,128,1,1,0,0,1,32,40536200,316689.0625,2985.6600000000003,283213.28125,297242.01388888888,63183.72333083913,238691.76360231129,355792.26417546649,3530.9078570975385
nested4,context_forced,4,4,32,128,128,128,1,1,0,0,2,32,31250000,244140.625,3391.1200000000003,283213.28125,297242.01388888888,63183.72333083913,238691.76360231129,355792.26417546649,3530.9078570975385
nested4,context_forced,4,4,32,128,128,128,1,1,0,0,3,32,45980400,359221.875,3206.8200000000002,283213.28125,297242.01388888888,63183.72333083913,238691.76360231129,355792.26417546649,3530.9078570975385
nested4,context_forced,4,4,32,128,128,128,1,1,0,0,4,32,50102500,391425.78125,3059.3799999999997,283213.28125,297242.01388888888,63183.72333083913,238691.76360231129,355792.26417546649,3530.9078570975385
nested4,context_forced,4,4,32,128,128,128,1,1,0,0,5,32,46998900,367178.90625,3206.8200000000002,283213.28125,297242.01388888888,63183.72333083913,238691.76360231129,355792.26417546649,3530.9078570975385
nested4,context_forced,4,4,32,128,128,128,1,1,0,0,6,32,36251300,283213.28125,2801.3600000000001,283213.28125,297242.01388888888,63183.72333083913,238691.76360231129,355792.26417546649,3530.9078570975385
nested4,context_forced,4,4,32,128,128,128,1,1,0,0,7,32,31140300,243283.59375,3243.6799999999998,283213.28125,297242.01388888888,63183.72333083913,238691.76360231129,355792.26417546649,3530.9078570975385
nested4,context_forced,4,4,32,128,128,128,1,1,0,0,8,32,28559200,223118.75,2617.0599999999999,283213.28125,297242.01388888888,63183.72333083913,238691.76360231129,355792.26417546649,3530.9078570975385
square128/workers2,serial,2,1,32,128,128,128,1,0,0,0,0,32,35548700,1110896.875,2543.3399999999997,891650,969732.29166666663,144483.30573878434,835844.42834872648,1103620.1549846069,1121.5162900241125
square128/workers2,serial,2,1,32,128,128,128,1,0,0,0,1,32,27858400,870575,2469.6200000000003,891650,969732.29166666663,144483.30573878434,835844.42834872648,1103620.1549846069,1121.5162900241125
square128/workers2,serial,2,1,32,128,128,128,1,0,0,0,2,32,28053500,876671.875,2653.9200000000001,891650,969732.29166666663,144483.30573878434,835844.42834872648,1103620.1549846069,1121.5162900241125
square128/workers2,serial,2,1,32,128,128,128,1,0,0,0,3,32,28646400,895200,2653.9200000000001,891650,969732.29166666663,144483.30573878434,835844.42834872648,1103620.1549846069,1121.5162900241125
square128/workers2,serial,2,1,32,128,128,128,1,0,0,0,4,32,28532800,891650,2543.3399999999997,891650,969732.29166666663,144483.30573878434,835844.42834872648,1103620.1549846069,1121.5162900241125
square128/workers2,serial,2,1,32,128,128,128,1,0,0,0,5,32,28179800,880618.75,2580.1999999999998,891650,969732.29166666663,144483.30573878434,835844.42834872648,1103620.1549846069,1121.5162900241125
square128/workers2,serial,2,1,32,128,128,128,1,0,0,0,6,32,34449800,1076556.25,2580.1999999999998,891650,969732.29166666663,144483.30573878434,835844.42834872648,1103620.1549846069,1121.5162900241125
square128/workers2,serial,2,1,32,128,128,128,1,0,0,0,7,32,40418300,1263071.875,2580.1999999999998,891650,969732.29166666663,144483.30573878434,835844.42834872648,1103620.1549846069,1121.5162900241125
square128/workers2,serial,2,1,32,128,128,128,1,0,0,0,8,32,27595200,862350,2506.48,891650,969732.29166666663,144483.30573878434,835844.42834872648,1103620.1549846069,1121.5162900241125
square128/workers2,context_default,2,1,32,128,128,128,1,0,0,0,0,64,29262600,457228.125,2395.9000000000001,460621.875,483804.51388888888,57462.746027817018,430555.70256977843,537053.32520799933,2170.9780934741757
square128/workers2,context_default,2,1,32,128,128,128,1,0,0,0,1,64,29945300,467895.3125,2875.0799999999999,460621.875,483804.51388888888,57462.746027817018,430555.70256977843,537053.32520799933,2170.9780934741757
square128/workers2,context_default,2,1,32,128,128,128,1,0,0,0,2,64,28883800,451309.375,2617.0599999999999,460621.875,483804.51388888888,57462.746027817018,430555.70256977843,537053.32520799933,2170.9780934741757
square128/workers2,context_default,2,1,32,128,128,128,1,0,0,0,3,64,28827200,450425,2580.1999999999998,460621.875,483804.51388888888,57462.746027817018,430555.70256977843,537053.32520799933,2170.9780934741757
square128/workers2,context_default,2,1,32,128,128,128,1,0,0,0,4,64,28694200,448346.875,2580.1999999999998,460621.875,483804.51388888888,57462.746027817018,430555.70256977843,537053.32520799933,2170.9780934741757
square128/workers2,context_default,2,1,32,128,128,128,1,0,0,0,5,64,29896300,467129.6875,2543.3399999999997,460621.875,483804.51388888888,57462.746027817018,430555.70256977843,537053.32520799933,2170.9780934741757
square128/workers2,context_default,2,1,32,128,128,128,1,0,0,0,6,64,33858000,529031.25,2764.5,460621.875,483804.51388888888,57462.746027817018,430555.70256977843,537053.32520799933,2170.9780934741757
square128/workers2,context_default,2,1,32,128,128,128,1,0,0,0,7,64,29479800,460621.875,2801.3600000000001,460621.875,483804.51388888888,57462.746027817018,430555.70256977843,537053.32520799933,2170.9780934741757
square128/workers2,context_default,2,1,32,128,128,128,1,0,0,0,8,64,39824200,622253.125,2617.0599999999999,460621.875,483804.51388888888,57462.746027817018,430555.70256977843,537053.32520799933,2170.9780934741757
square128/workers2,context_forced,2,1,32,128,128,128,1,0,0,0,0,64,30850900,482045.3125,2580.1999999999998,463759.375,469096.35416666669,20281.749455160767,450301.9330048844,487890.77532844897,2156.290641024777
square128/workers2,context_forced,2,1,32,128,128,128,1,0,0,0,1,64,30279700,473120.3125,2764.5,463759.375,469096.35416666669,20281.749455160767,450301.9330048844,487890.77532844897,2156.290641024777
square128/workers2,context_forced,2,1,32,128,128,128,1,0,0,0,2,64,29680600,463759.375,2690.7799999999997,463759.375,469096.35416666669,20281.749455160767,450301.9330048844,487890.77532844897,2156.290641024777
square128/workers2,context_forced,2,1,32,128,128,128,1,0,0,0,3,64,32889700,513901.5625,2543.3399999999997,463759.375,469096.35416666669,20281.749455160767,450301.9330048844,487890.77532844897,2156.290641024777
square128/workers2,context_forced,2,1,32,128,128,128,1,0,0,0,4,64,30350400,474225,2580.1999999999998,463759.375,469096.35416666669,20281.749455160767,450301.9330048844,487890.77532844897,2156.290641024777
square128/workers2,context_forced,2,1,32,128,128,128,1,0,0,0,5,64,28511500,445492.1875,2543.3399999999997,463759.375,469096.35416666669,20281.749455160767,450301.9330048844,487890.77532844897,2156.290641024777
square128/workers2,context_forced,2,1,32,128,128,128,1,0,0,0,6,64,29350300,458598.4375,2690.7799999999997,463759.375,469096.35416666669,20281.749455160767,450301.9330048844,487890.77532844897,2156.290641024777
square128/workers2,context_forced,2,1,32,128,128,128,1,0,0,0,7,64,29151500,455492.1875,2838.2200000000003,463759.375,469096.35416666669,20281.749455160767,450301.9330048844,487890.77532844897,2156.290641024777
square128/workers2,context_forced,2,1,32,128,128,128,1,0,0,0,8,64,29134900,455232.8125,2543.3399999999997,463759.375,469096.35416666669,20281.749455160767,450301.9330048844,487890.77532844897,2156.290641024777
padded128,serial,4,1,32,128,128,128,1,0,1,0,0,2,28263800,14131900,3022.52,10434550,11600588.888888888,2974265.9814836858,8844435.7460473403,14356742.031730436,95.835469665677962
padded128,serial,4,1,32,128,128,128,1,0,1,0,1,2,17093100,8546550,3022.52,10434550,11600588.888888888,2974265.9814836858,8844435.7460473403,14356742.031730436,95.835469665677962
padded128,serial,4,1,32,128,128,128,1,0,1,0,2,2,17972200,8986100,3354.2600000000002,10434550,11600588.888888888,2974265.9814836858,8844435.7460473403,14356742.031730436,95.835469665677962
padded128,serial,4,1,32,128,128,128,1,0,1,0,3,2,17598500,8799250,3391.1200000000003,10434550,11600588.888888888,2974265.9814836858,8844435.7460473403,14356742.031730436,95.835469665677962
padded128,serial,4,1,32,128,128,128,1,0,1,0,4,2,29476600,14738300,3096.2399999999998,10434550,11600588.888888888,2974265.9814836858,8844435.7460473403,14356742.031730436,95.835469665677962
padded128,serial,4,1,32,128,128,128,1,0,1,0,5,2,20869100,10434550,3464.8399999999997,10434550,11600588.888888888,2974265.9814836858,8844435.7460473403,14356742.031730436,95.835469665677962
padded128,serial,4,1,32,128,128,128,1,0,1,0,6,2,18894700,9447350,3427.98,10434550,11600588.888888888,2974265.9814836858,8844435.7460473403,14356742.031730436,95.835469665677962
padded128,serial,4,1,32,128,128,128,1,0,1,0,7,2,32722200,16361100,3354.2600000000002,10434550,11600588.888888888,2974265.9814836858,8844435.7460473403,14356742.031730436,95.835469665677962
padded128,serial,4,1,32,128,128,128,1,0,1,0,8,2,25920400,12960200,3059.3799999999997,10434550,11600588.888888888,2974265.9814836858,8844435.7460473403,14356742.031730436,95.835469665677962
padded128,context_default,4,1,32,128,128,128,1,0,1,0,0,8,33768800,4221100,3243.6799999999998,3793887.5,3835598.611111111,827006.83421933465,3069238.9447345277,4601958.2774876943,263.58188006365503
padded128,context_default,4,1,32,128,128,128,1,0,1,0,1,8,41325900,5165737.5,3022.52,3793887.5,3835598.611111111,827006.83421933465,3069238.9447345277,4601958.2774876943,263.58188006365503
padded128,context_default,4,1,32,128,128,128,1,0,1,0,2,8,24616600,3077075,3022.52,3793887.5,3835598.611111111,827006.83421933465,3069238.9447345277,4601958.2774876943,263.58188006365503
padded128,context_default,4,1,32,128,128,128,1,0,1,0,3,8,26302100,3287762.5,3354.2600000000002,3793887.5,3835598.611111111,827006.83421933465,3069238.9447345277,4601958.2774876943,263.58188006365503
padded128,context_default,4,1,32,128,128,128,1,0,1,0,4,8,19917100,2489637.5,3096.2399999999998,3793887.5,3835598.611111111,827006.83421933465,3069238.9447345277,4601958.2774876943,263.58188006365503
padded128,context_default,4,1,32,128,128,128,1,0,1,0,5,8,28503800,3562975,3169.96,3793887.5,3835598.611111111,827006.83421933465,3069238.9447345277,4601958.2774876943,263.58188006365503
padded128,context_default,4,1,32,128,128,128,1,0,1,0,6,8,36193700,4524212.5,3317.4000000000001,3793887.5,3835598.611111111,827006.83421933465,3069238.9447345277,4601958.2774876943,263.58188006365503
padded128,context_default,4,1,32,128,128,128,1,0,1,0,7,8,30351100,3793887.5,3243.6799999999998,3793887.5,3835598.611111111,827006.83421933465,3069238.9447345277,4601958.2774876943,263.58188006365503
padded128,context_default,4,1,32,128,128,128,1,0,1,0,8,8,35184000,4398000,3096.2399999999998,3793887.5,3835598.611111111,827006.83421933465,3069238.9447345277,4601958.2774876943,263.58188006365503
padded128,context_forced,4,1,32,128,128,128,1,0,1,0,0,8,38215100,4776887.5,2911.9400000000001,3434525,3779290.277777778,599646.5928849316,3223617.7683710745,4334962.7871844815,291.16107758714816
padded128,context_forced,4,1,32,128,128,128,1,0,1,0,1,8,33063100,4132887.5,2764.5,3434525,3779290.277777778,599646.5928849316,3223617.7683710745,4334962.7871844815,291.16107758714816
padded128,context_forced,4,1,32,128,128,128,1,0,1,0,2,8,27476200,3434525,2838.2200000000003,3434525,3779290.277777778,599646.5928849316,3223617.7683710745,4334962.7871844815,291.16107758714816
padded128,context_forced,4,1,32,128,128,128,1,0,1,0,3,8,26524200,3315525,3391.1200000000003,3434525,3779290.277777778,599646.5928849316,3223617.7683710745,4334962.7871844815,291.16107758714816
padded128,context_forced,4,1,32,128,128,128,1,0,1,0,4,8,26312000,3289000,3391.1200000000003,3434525,3779290.277777778,599646.5928849316,3223617.7683710745,4334962.7871844815,291.16107758714816
padded128,context_forced,4,1,32,128,128,128,1,0,1,0,5,8,25631200,3203900,3096.2399999999998,3434525,3779290.277777778,599646.5928849316,3223617.7683710745,4334962.7871844815,291.16107758714816
padded128,context_forced,4,1,32,128,128,128,1,0,1,0,6,8,34743100,4342887.5,3427.98,3434525,3779290.277777778,599646.5928849316,3223617.7683710745,4334962.7871844815,291.16107758714816
padded128,context_forced,4,1,32,128,128,128,1,0,1,0,7,8,34200000,4275000,3280.54,3434525,3779290.277777778,599646.5928849316,3223617.7683710745,4334962.7871844815,291.16107758714816
padded128,context_forced,4,1,32,128,128,128,1,0,1,0,8,8,25944000,3243000,3022.52,3434525,3779290.277777778,599646.5928849316,3223617.7683710745,4334962.7871844815,291.16107758714816
square256/workers1,serial,1,1,32,256,256,256,1,0,0,0,0,4,29706400,7426600,2395.9000000000001,7287100,7566200,812329.51576777024,6813441.3153885333,8318958.6846114667,137.2288015808758
square256/workers1,serial,1,1,32,256,256,256,1,0,0,0,1,4,28087500,7021875,3133.0999999999999,7287100,7566200,812329.51576777024,6813441.3153885333,8318958.6846114667,137.2288015808758
square256/workers1,serial,1,1,32,256,256,256,1,0,0,0,2,4,27979300,6994825,2838.2200000000003,7287100,7566200,812329.51576777024,6813441.3153885333,8318958.6846114667,137.2288015808758
square256/workers1,serial,1,1,32,256,256,256,1,0,0,0,3,4,37677200,9419300,2580.1999999999998,7287100,7566200,812329.51576777024,6813441.3153885333,8318958.6846114667,137.2288015808758
square256/workers1,serial,1,1,32,256,256,256,1,0,0,0,4,4,33447100,8361775,2617.0599999999999,7287100,7566200,812329.51576777024,6813441.3153885333,8318958.6846114667,137.2288015808758
square256/workers1,serial,1,1,32,256,256,256,1,0,0,0,5,4,29688100,7422025,2690.7799999999997,7287100,7566200,812329.51576777024,6813441.3153885333,8318958.6846114667,137.2288015808758
square256/workers1,serial,1,1,32,256,256,256,1,0,0,0,6,4,28396000,7099000,2727.6399999999999,7287100,7566200,812329.51576777024,6813441.3153885333,8318958.6846114667,137.2288015808758
square256/workers1,serial,1,1,32,256,256,256,1,0,0,0,7,4,29148400,7287100,2911.9400000000001,7287100,7566200,812329.51576777024,6813441.3153885333,8318958.6846114667,137.2288015808758
square256/workers1,serial,1,1,32,256,256,256,1,0,0,0,8,4,28253200,7063300,3022.52,7287100,7566200,812329.51576777024,6813441.3153885333,8318958.6846114667,137.2288015808758
square256/workers1,context_default,1,1,32,256,256,256,1,0,0,0,0,4,40757500,10189375,2395.9000000000001,7368600,8015966.666666667,1155515.3560073315,6945189.1034332067,9086744.2299001273,135.71098987596017
square256/workers1,context_default,1,1,32,256,256,256,1,0,0,0,1,4,38615400,9653850,2617.0599999999999,7368600,8015966.666666667,1155515.3560073315,6945189.1034332067,9086744.2299001273,135.71098987596017
square256/workers1,context_default,1,1,32,256,256,256,1,0,0,0,2,4,28675900,7168975,2838.2200000000003,7368600,8015966.666666667,1155515.3560073315,6945189.1034332067,9086744.2299001273,135.71098987596017
square256/workers1,context_default,1,1,32,256,256,256,1,0,0,0,3,4,29443900,7360975,3059.3799999999997,7368600,8015966.666666667,1155515.3560073315,6945189.1034332067,9086744.2299001273,135.71098987596017
square256/workers1,context_default,1,1,32,256,256,256,1,0,0,0,4,4,29474400,7368600,3059.3799999999997,7368600,8015966.666666667,1155515.3560073315,6945189.1034332067,9086744.2299001273,135.71098987596017
square256/workers1,context_default,1,1,32,256,256,256,1,0,0,0,5,4,29969900,7492475,2875.0799999999999,7368600,8015966.666666667,1155515.3560073315,6945189.1034332067,9086744.2299001273,135.71098987596017
square256/workers1,context_default,1,1,32,256,256,256,1,0,0,0,6,4,29221900,7305475,2543.3399999999997,7368600,8015966.666666667,1155515.3560073315,6945189.1034332067,9086744.2299001273,135.71098987596017
square256/workers1,context_default,1,1,32,256,256,256,1,0,0,0,7,4,33799400,8449850,2764.5,7368600,8015966.666666667,1155515.3560073315,6945189.1034332067,9086744.2299001273,135.71098987596017
square256/workers1,context_default,1,1,32,256,256,256,1,0,0,0,8,4,28616500,7154125,2985.6600000000003,7368600,8015966.666666667,1155515.3560073315,6945189.1034332067,9086744.2299001273,135.71098987596017
square256/workers1,context_forced,1,1,32,256,256,256,1,0,0,0,0,2,19398900,9699450,2617.0599999999999,7339400,7995683.333333333,1522662.394048661,6584682.8481815737,9406683.8184850924,136.25091969370794
square256/workers1,context_forced,1,1,32,256,256,256,1,0,0,0,1,2,14302400,7151200,3133.0999999999999,7339400,7995683.333333333,1522662.394048661,6584682.8481815737,9406683.8184850924,136.25091969370794
square256/workers1,context_forced,1,1,32,256,256,256,1,0,0,0,2,2,14279300,7139650,2875.0799999999999,7339400,7995683.333333333,1522662.394048661,6584682.8481815737,9406683.8184850924,136.25091969370794
square256/workers1,context_forced,1,1,32,256,256,256,1,0,0,0,3,2,22841300,11420650,2617.0599999999999,7339400,7995683.333333333,1522662.394048661,6584682.8481815737,9406683.8184850924,136.25091969370794
square256/workers1,context_forced,1,1,32,256,256,256,1,0,0,0,4,2,14813000,7406500,2617.0599999999999,7339400,7995683.333333333,1522662.394048661,6584682.8481815737,9406683.8184850924,136.25091969370794
square256/workers1,context_forced,1,1,32,256,256,256,1,0,0,0,5,2,14678800,7339400,2875.0799999999999,7339400,7995683.333333333,1522662.394048661,6584682.8481815737,9406683.8184850924,136.25091969370794
square256/workers1,context_forced,1,1,32,256,256,256,1,0,0,0,6,2,15059800,7529900,2543.3399999999997,7339400,7995683.333333333,1522662.394048661,6584682.8481815737,9406683.8184850924,136.25091969370794
square256/workers1,context_forced,1,1,32,256,256,256,1,0,0,0,7,2,14285100,7142550,3096.2399999999998,7339400,7995683.333333333,1522662.394048661,6584682.8481815737,9406683.8184850924,136.25091969370794
square256/workers1,context_forced,1,1,32,256,256,256,1,0,0,0,8,2,14263700,7131850,3022.52,7339400,7995683.333333333,1522662.394048661,6584682.8481815737,9406683.8184850924,136.25091969370794
batch_one_row,serial,4,1,16,1,64,64,128,0,0,0,0,8,26790800,3348850,3059.3799999999997,2811125,3209375,865089.38210073847,2407725.5059199822,4011024.4940800178,355.7294677397839
batch_one_row,serial,4,1,16,1,64,64,128,0,0,0,1,8,22294500,2786812.5,2690.7799999999997,2811125,3209375,865089.38210073847,2407725.5059199822,4011024.4940800178,355.7294677397839
batch_one_row,serial,4,1,16,1,64,64,128,0,0,0,2,8,30199900,3774987.5,2948.8000000000002,2811125,3209375,865089.38210073847,2407725.5059199822,4011024.4940800178,355.7294677397839
batch_one_row,serial,4,1,16,1,64,64,128,0,0,0,3,8,22273900,2784237.5,2653.9200000000001,2811125,3209375,865089.38210073847,2407725.5059199822,4011024.4940800178,355.7294677397839
batch_one_row,serial,4,1,16,1,64,64,128,0,0,0,4,8,22489000,2811125,3354.2600000000002,2811125,3209375,865089.38210073847,2407725.5059199822,4011024.4940800178,355.7294677397839
batch_one_row,serial,4,1,16,1,64,64,128,0,0,0,5,8,22362400,2795300,2764.5,2811125,3209375,865089.38210073847,2407725.5059199822,4011024.4940800178,355.7294677397839
batch_one_row,serial,4,1,16,1,64,64,128,0,0,0,6,8,18769100,2346137.5,2985.6600000000003,2811125,3209375,865089.38210073847,2407725.5059199822,4011024.4940800178,355.7294677397839
batch_one_row,serial,4,1,16,1,64,64,128,0,0,0,7,8,23896300,2987037.5,3686,2811125,3209375,865089.38210073847,2407725.5059199822,4011024.4940800178,355.7294677397839
batch_one_row,serial,4,1,16,1,64,64,128,0,0,0,8,8,41999100,5249887.5,2617.0599999999999,2811125,3209375,865089.38210073847,2407725.5059199822,4011024.4940800178,355.7294677397839
batch_one_row,context_default,4,1,16,1,64,64,128,0,0,0,0,16,55926500,3495406.25,3059.3799999999997,3070518.75,3067215.277777778,256088.33416159978,2829906.754788029,3304523.800767527,325.67786794983749
batch_one_row,context_default,4,1,16,1,64,64,128,0,0,0,1,16,49128300,3070518.75,2543.3399999999997,3070518.75,3067215.277777778,256088.33416159978,2829906.754788029,3304523.800767527,325.67786794983749
batch_one_row,context_default,4,1,16,1,64,64,128,0,0,0,2,16,44902400,2806400,2469.6200000000003,3070518.75,3067215.277777778,256088.33416159978,2829906.754788029,3304523.800767527,325.67786794983749
batch_one_row,context_default,4,1,16,1,64,64,128,0,0,0,3,16,46556700,2909793.75,2801.3600000000001,3070518.75,3067215.277777778,256088.33416159978,2829906.754788029,3304523.800767527,325.67786794983749
batch_one_row,context_default,4,1,16,1,64,64,128,0,0,0,4,16,50193300,3137081.25,3096.2399999999998,3070518.75,3067215.277777778,256088.33416159978,2829906.754788029,3304523.800767527,325.67786794983749
batch_one_row,context_default,4,1,16,1,64,64,128,0,0,0,5,16,45389000,2836812.5,2764.5,3070518.75,3067215.277777778,256088.33416159978,2829906.754788029,3304523.800767527,325.67786794983749
batch_one_row,context_default,4,1,16,1,64,64,128,0,0,0,6,16,50261600,3141350,2985.6600000000003,3070518.75,3067215.277777778,256088.33416159978,2829906.754788029,3304523.800767527,325.67786794983749
batch_one_row,context_default,4,1,16,1,64,64,128,0,0,0,7,16,44829400,2801837.5,3686,3070518.75,3067215.277777778,256088.33416159978,2829906.754788029,3304523.800767527,325.67786794983749
batch_one_row,context_default,4,1,16,1,64,64,128,0,0,0,8,16,54491800,3405737.5,2764.5,3070518.75,3067215.277777778,256088.33416159978,2829906.754788029,3304523.800767527,325.67786794983749
batch_one_row,context_forced,4,1,16,1,64,64,128,0,0,0,0,16,19887700,1242981.25,2543.3399999999997,1066981.25,1139575,263111.29948743887,895758.52914164006,1383391.4708583599,937.22359226087622
batch_one_row,context_forced,4,1,16,1,64,64,128,0,0,0,1,16,15273600,954600,2690.7799999999997,1066981.25,1139575,263111.29948743887,895758.52914164006,1383391.4708583599,937.22359226087622
batch_one_row,context_forced,4,1,16,1,64,64,128,0,0,0,2,16,14007200,875450,2801.3600000000001,1066981.25,1139575,263111.29948743887,895758.52914164006,1383391.4708583599,937.22359226087622
batch_one_row,context_forced,4,1,16,1,64,64,128,0,0,0,3,16,14343000,896437.5,2653.9200000000001,1066981.25,1139575,263111.29948743887,895758.52914164006,1383391.4708583599,937.22359226087622
batch_one_row,context_forced,4,1,16,1,64,64,128,0,0,0,4,16,19297100,1206068.75,2875.0799999999999,1066981.25,1139575,263111.29948743887,895758.52914164006,1383391.4708583599,937.22359226087622
batch_one_row,context_forced,4,1,16,1,64,64,128,0,0,0,5,16,16837600,1052350,3022.52,1066981.25,1139575,263111.29948743887,895758.52914164006,1383391.4708583599,937.22359226087622
batch_one_row,context_forced,4,1,16,1,64,64,128,0,0,0,6,16,19610200,1225637.5,2985.6600000000003,1066981.25,1139575,263111.29948743887,895758.52914164006,1383391.4708583599,937.22359226087622
batch_one_row,context_forced,4,1,16,1,64,64,128,0,0,0,7,16,27770700,1735668.75,3096.2399999999998,1066981.25,1139575,263111.29948743887,895758.52914164006,1383391.4708583599,937.22359226087622
batch_one_row,context_forced,4,1,16,1,64,64,128,0,0,0,8,16,17071700,1066981.25,2506.48,1066981.25,1139575,263111.29948743887,895758.52914164006,1383391.4708583599,937.22359226087622
concurrent2,serial,4,2,32,128,128,128,1,0,0,0,0,32,27157700,424339.0625,3133.0999999999999,424339.0625,458215.97222222225,77046.432516608067,386819.61142349878,529612.33302094578,2356.6060454309459
concurrent2,serial,4,2,32,128,128,128,1,0,0,0,1,32,27162100,424407.8125,3280.54,424339.0625,458215.97222222225,77046.432516608067,386819.61142349878,529612.33302094578,2356.6060454309459
concurrent2,serial,4,2,32,128,128,128,1,0,0,0,2,32,27133600,423962.5,3243.6799999999998,424339.0625,458215.97222222225,77046.432516608067,386819.61142349878,529612.33302094578,2356.6060454309459
concurrent2,serial,4,2,32,128,128,128,1,0,0,0,3,32,36332700,567698.4375,3354.2600000000002,424339.0625,458215.97222222225,77046.432516608067,386819.61142349878,529612.33302094578,2356.6060454309459
concurrent2,serial,4,2,32,128,128,128,1,0,0,0,4,32,25342600,395978.125,2985.6600000000003,424339.0625,458215.97222222225,77046.432516608067,386819.61142349878,529612.33302094578,2356.6060454309459
concurrent2,serial,4,2,32,128,128,128,1,0,0,0,5,32,27371800,427684.375,3096.2399999999998,424339.0625,458215.97222222225,77046.432516608067,386819.61142349878,529612.33302094578,2356.6060454309459
concurrent2,serial,4,2,32,128,128,128,1,0,0,0,6,32,39375200,615237.5,2948.8000000000002,424339.0625,458215.97222222225,77046.432516608067,386819.61142349878,529612.33302094578,2356.6060454309459
concurrent2,serial,4,2,32,128,128,128,1,0,0,0,7,32,27038800,422481.25,2727.6399999999999,424339.0625,458215.97222222225,77046.432516608067,386819.61142349878,529612.33302094578,2356.6060454309459
concurrent2,serial,4,2,32,128,128,128,1,0,0,0,8,32,27017900,422154.6875,2838.2200000000003,424339.0625,458215.97222222225,77046.432516608067,386819.61142349878,529612.33302094578,2356.6060454309459
concurrent2,context_default,4,2,32,128,128,128,1,0,0,0,0,64,27634800,215896.875,3096.2399999999998,225511.71875,225974.65277777778,16832.753941098395,210376.30079235992,241573.00476319564,4434.3593563250242
concurrent2,context_default,4,2,32,128,128,128,1,0,0,0,1,64,27445300,214416.40625,3133.0999999999999,225511.71875,225974.65277777778,16832.753941098395,210376.30079235992,241573.00476319564,4434.3593563250242
concurrent2,context_default,4,2,32,128,128,128,1,0,0,0,2,64,26686500,208488.28125,3243.6799999999998,225511.71875,225974.65277777778,16832.753941098395,210376.30079235992,241573.00476319564,4434.3593563250242
concurrent2,context_default,4,2,32,128,128,128,1,0,0,0,3,64,28865500,225511.71875,2911.9400000000001,225511.71875,225974.65277777778,16832.753941098395,210376.30079235992,241573.00476319564,4434.3593563250242
concurrent2,context_default,4,2,32,128,128,128,1,0,0,0,4,64,26255900,205124.21875,3169.96,225511.71875,225974.65277777778,16832.753941098395,210376.30079235992,241573.00476319564,4434.3593563250242
concurrent2,context_default,4,2,32,128,128,128,1,0,0,0,5,64,29780200,232657.8125,3169.96,225511.71875,225974.65277777778,16832.753941098395,210376.30079235992,241573.00476319564,4434.3593563250242
concurrent2,context_default,4,2,32,128,128,128,1,0,0,0,6,64,31217600,243887.5,2875.0799999999999,225511.71875,225974.65277777778,16832.753941098395,210376.30079235992,241573.00476319564,4434.3593563250242
concurrent2,context_default,4,2,32,128,128,128,1,0,0,0,7,64,32741300,255791.40625,2764.5,225511.71875,225974.65277777778,16832.753941098395,210376.30079235992,241573.00476319564,4434.3593563250242
concurrent2,context_default,4,2,32,128,128,128,1,0,0,0,8,64,29695700,231997.65625,2838.2200000000003,225511.71875,225974.65277777778,16832.753941098395,210376.30079235992,241573.00476319564,4434.3593563250242
concurrent2,context_forced,4,2,32,128,128,128,1,0,0,0,0,64,28289600,221012.5,3133.0999999999999,221012.5,225713.45486111112,14878.666703252755,211925.89038276358,239501.01933945867,4524.6309597873424
concurrent2,context_forced,4,2,32,128,128,128,1,0,0,0,1,64,28207600,220371.875,2875.0799999999999,221012.5,225713.45486111112,14878.666703252755,211925.89038276358,239501.01933945867,4524.6309597873424
concurrent2,context_forced,4,2,32,128,128,128,1,0,0,0,2,64,27039900,211249.21875,3022.52,221012.5,225713.45486111112,14878.666703252755,211925.89038276358,239501.01933945867,4524.6309597873424
concurrent2,context_forced,4,2,32,128,128,128,1,0,0,0,3,64,26678000,208421.875,2838.2200000000003,221012.5,225713.45486111112,14878.666703252755,211925.89038276358,239501.01933945867,4524.6309597873424
concurrent2,context_forced,4,2,32,128,128,128,1,0,0,0,4,64,27594000,215578.125,2875.0799999999999,221012.5,225713.45486111112,14878.666703252755,211925.89038276358,239501.01933945867,4524.6309597873424
concurrent2,context_forced,4,2,32,128,128,128,1,0,0,0,5,64,29668300,231783.59375,3059.3799999999997,221012.5,225713.45486111112,14878.666703252755,211925.89038276358,239501.01933945867,4524.6309597873424
concurrent2,context_forced,4,2,32,128,128,128,1,0,0,0,6,64,32779900,256092.96875,2838.2200000000003,221012.5,225713.45486111112,14878.666703252755,211925.89038276358,239501.01933945867,4524.6309597873424
concurrent2,context_forced,4,2,32,128,128,128,1,0,0,0,7,64,29388300,229596.09375,2727.6399999999999,221012.5,225713.45486111112,14878.666703252755,211925.89038276358,239501.01933945867,4524.6309597873424
concurrent2,context_forced,4,2,32,128,128,128,1,0,0,0,8,64,30376300,237314.84375,2580.1999999999998,221012.5,225713.45486111112,14878.666703252755,211925.89038276358,239501.01933945867,4524.6309597873424
